uuid,group,qid,correct,time,total_time,S1_Q1,S1_Q2,S1_Q3,S1_Q4,S1_Q5,S1_Q6
5ae18d2546749a613db03ab0,A,D1,true,10608,730618,4,4,4,4,1,1
5ae18d2546749a613db03ab0,A,D2,true,16049,730618,4,4,4,4,1,1
5ae18d2546749a613db03ab0,A,Q9,false,18041,730618,4,4,4,4,1,1
5ae18d2546749a613db03ab0,A,Q4,true,20243,730618,4,4,4,4,1,1
5ae18d2546749a613db03ab0,A,Q17,true,16083,730618,4,4,4,4,1,1
5ae18d2546749a613db03ab0,A,Q16,true,9551,730618,4,4,4,4,1,1
5ae18d2546749a613db03ab0,A,Q8,true,19483,730618,4,4,4,4,1,1
5ae18d2546749a613db03ab0,A,Q2,true,12047,730618,4,4,4,4,1,1
5ae18d2546749a613db03ab0,A,Q10,false,16585,730618,4,4,4,4,1,1
5ae18d2546749a613db03ab0,A,Q7,true,13633,730618,4,4,4,4,1,1
5ae18d2546749a613db03ab0,A,Q5,true,5301,730618,4,4,4,4,1,1
5ae18d2546749a613db03ab0,A,Q3,false,7616,730618,4,4,4,4,1,1
5ae18d2546749a613db03ab0,A,Q12,false,19651,730618,4,4,4,4,1,1
5ae18d2546749a613db03ab0,A,Q14,true,14565,730618,4,4,4,4,1,1
5ae18d2546749a613db03ab0,A,Q6,true,5213,730618,4,4,4,4,1,1
5ae18d2546749a613db03ab0,A,Q1,false,6665,730618,4,4,4,4,1,1
5ae18d2546749a613db03ab0,A,Q11,true,9707,730618,4,4,4,4,1,1
5ae18d2546749a613db03ab0,A,Q13,false,10548,730618,4,4,4,4,1,1
5ae18d2546749a613db03ab0,A,Q15,true,15131,730618,4,4,4,4,1,1
5ae18d2546749a613db03ab0,A,Q18,true,16838,730618,4,4,4,4,1,1
5ae18d7c46749a613db03ab1,A,D1,true,16897,449638,4,3,3,4,1,1
5ae18d7c46749a613db03ab1,A,D2,true,23991,449638,4,3,3,4,1,1
5ae18d7c46749a613db03ab1,A,Q14,true,21264,449638,4,3,3,4,1,1
5ae18d7c46749a613db03ab1,A,Q9,false,18762,449638,4,3,3,4,1,1
5ae18d7c46749a613db03ab1,A,Q13,false,17134,449638,4,3,3,4,1,1
5ae18d7c46749a613db03ab1,A,Q11,true,24144,449638,4,3,3,4,1,1
5ae18d7c46749a613db03ab1,A,Q2,true,15071,449638,4,3,3,4,1,1
5ae18d7c46749a613db03ab1,A,Q3,false,10959,449638,4,3,3,4,1,1
5ae18d7c46749a613db03ab1,A,Q4,true,26809,449638,4,3,3,4,1,1
5ae18d7c46749a613db03ab1,A,Q1,false,14448,449638,4,3,3,4,1,1
5ae18d7c46749a613db03ab1,A,Q10,false,25782,449638,4,3,3,4,1,1
5ae18d7c46749a613db03ab1,A,Q16,true,19848,449638,4,3,3,4,1,1
5ae18d7c46749a613db03ab1,A,Q17,true,12464,449638,4,3,3,4,1,1
5ae18d7c46749a613db03ab1,A,Q15,true,22648,449638,4,3,3,4,1,1
5ae18d7c46749a613db03ab1,A,Q7,true,11839,449638,4,3,3,4,1,1
5ae18d7c46749a613db03ab1,A,Q5,true,10872,449638,4,3,3,4,1,1
5ae18d7c46749a613db03ab1,A,Q8,true,13560,449638,4,3,3,4,1,1
5ae18d7c46749a613db03ab1,A,Q6,true,14384,449638,4,3,3,4,1,1
5ae18d7c46749a613db03ab1,A,Q18,true,14783,449638,4,3,3,4,1,1
5ae18d7c46749a613db03ab1,A,Q12,false,12394,449638,4,3,3,4,1,1
5ae192dc46749a613db03ab2,B,D1,true,18177,415436,4,3,3,3,3,4
5ae192dc46749a613db03ab2,B,D2,true,12850,415436,4,3,3,3,3,4
5ae192dc46749a613db03ab2,B,Q7,true,19781,415436,4,3,3,3,3,4
5ae192dc46749a613db03ab2,B,Q13,false,11506,415436,4,3,3,3,3,4
5ae192dc46749a613db03ab2,B,Q6,true,12346,415436,4,3,3,3,3,4
5ae192dc46749a613db03ab2,B,Q11,false,16142,415436,4,3,3,3,3,4
5ae192dc46749a613db03ab2,B,Q10,false,16245,415436,4,3,3,3,3,4
5ae192dc46749a613db03ab2,B,Q15,true,12676,415436,4,3,3,3,3,4
5ae192dc46749a613db03ab2,B,Q3,false,9468,415436,4,3,3,3,3,4
5ae192dc46749a613db03ab2,B,Q2,false,15472,415436,4,3,3,3,3,4
5ae192dc46749a613db03ab2,B,Q1,false,17001,415436,4,3,3,3,3,4
5ae192dc46749a613db03ab2,B,Q4,false,12794,415436,4,3,3,3,3,4
5ae192dc46749a613db03ab2,B,Q18,false,8310,415436,4,3,3,3,3,4
5ae192dc46749a613db03ab2,B,Q12,true,20753,415436,4,3,3,3,3,4
5ae192dc46749a613db03ab2,B,Q17,false,12954,415436,4,3,3,3,3,4
5ae192dc46749a613db03ab2,B,Q14,true,16971,415436,4,3,3,3,3,4
5ae192dc46749a613db03ab2,B,Q16,true,7668,415436,4,3,3,3,3,4
5ae192dc46749a613db03ab2,B,Q9,false,11356,415436,4,3,3,3,3,4
5ae192dc46749a613db03ab2,B,Q5,true,12675,415436,4,3,3,3,3,4
5ae192dc46749a613db03ab2,B,Q8,false,10328,415436,4,3,3,3,3,4
5ae193c346749a613db03ab3,B,D1,true,11504,567754,3,2,3,4,2,2
5ae193c346749a613db03ab3,B,D2,true,17679,567754,3,2,3,4,2,2
5ae193c346749a613db03ab3,B,Q6,true,11535,567754,3,2,3,4,2,2
5ae193c346749a613db03ab3,B,Q15,true,23097,567754,3,2,3,4,2,2
5ae193c346749a613db03ab3,B,Q9,false,13144,567754,3,2,3,4,2,2
5ae193c346749a613db03ab3,B,Q13,false,22376,567754,3,2,3,4,2,2
5ae193c346749a613db03ab3,B,Q8,true,30336,567754,3,2,3,4,2,2
5ae193c346749a613db03ab3,B,Q17,false,19487,567754,3,2,3,4,2,2
5ae193c346749a613db03ab3,B,Q2,true,37199,567754,3,2,3,4,2,2
5ae193c346749a613db03ab3,B,Q12,false,27456,567754,3,2,3,4,2,2
5ae193c346749a613db03ab3,B,Q18,false,13822,567754,3,2,3,4,2,2
5ae193c346749a613db03ab3,B,Q10,false,12458,567754,3,2,3,4,2,2
5ae193c346749a613db03ab3,B,Q14,true,14686,567754,3,2,3,4,2,2
5ae193c346749a613db03ab3,B,Q4,true,23976,567754,3,2,3,4,2,2
5ae193c346749a613db03ab3,B,Q7,true,25360,567754,3,2,3,4,2,2
5ae193c346749a613db03ab3,B,Q5,true,12184,567754,3,2,3,4,2,2
5ae193c346749a613db03ab3,B,Q1,false,11392,567754,3,2,3,4,2,2
5ae193c346749a613db03ab3,B,Q11,false,13633,567754,3,2,3,4,2,2
5ae193c346749a613db03ab3,B,Q3,false,6798,567754,3,2,3,4,2,2
5ae193c346749a613db03ab3,B,Q16,true,8192,567754,3,2,3,4,2,2
5ae199c746749a613db03ab4,A,D1,false,76329,796055,4,3,1,4,1,3
5ae199c746749a613db03ab4,A,D2,true,22983,796055,4,3,1,4,1,3
5ae199c746749a613db03ab4,A,Q10,true,129321,796055,4,3,1,4,1,3
5ae199c746749a613db03ab4,A,Q15,true,21799,796055,4,3,1,4,1,3
5ae199c746749a613db03ab4,A,Q13,true,12873,796055,4,3,1,4,1,3
5ae199c746749a613db03ab4,A,Q1,true,13493,796055,4,3,1,4,1,3
5ae199c746749a613db03ab4,A,Q9,true,69485,796055,4,3,1,4,1,3
5ae199c746749a613db03ab4,A,Q11,true,11106,796055,4,3,1,4,1,3
5ae199c746749a613db03ab4,A,Q2,true,10864,796055,4,3,1,4,1,3
5ae199c746749a613db03ab4,A,Q17,true,34160,796055,4,3,1,4,1,3
5ae199c746749a613db03ab4,A,Q7,true,11744,796055,4,3,1,4,1,3
5ae199c746749a613db03ab4,A,Q4,true,12218,796055,4,3,1,4,1,3
5ae199c746749a613db03ab4,A,Q8,true,26138,796055,4,3,1,4,1,3
5ae199c746749a613db03ab4,A,Q18,true,16522,796055,4,3,1,4,1,3
5ae199c746749a613db03ab4,A,Q5,true,16597,796055,4,3,1,4,1,3
5ae199c746749a613db03ab4,A,Q3,true,12416,796055,4,3,1,4,1,3
5ae199c746749a613db03ab4,A,Q14,true,40836,796055,4,3,1,4,1,3
5ae199c746749a613db03ab4,A,Q12,true,17922,796055,4,3,1,4,1,3
5ae199c746749a613db03ab4,A,Q6,true,7731,796055,4,3,1,4,1,3
5ae199c746749a613db03ab4,A,Q16,true,12595,796055,4,3,1,4,1,3
5ae1a27246749a613db03ab5,B,D1,true,57008,514259,4,5,1,1,1,3
5ae1a27246749a613db03ab5,B,D2,true,60233,514259,4,5,1,1,1,3
5ae1a27246749a613db03ab5,B,Q17,true,14482,514259,4,5,1,1,1,3
5ae1a27246749a613db03ab5,B,Q13,true,64004,514259,4,5,1,1,1,3
5ae1a27246749a613db03ab5,B,Q1,true,13378,514259,4,5,1,1,1,3
5ae1a27246749a613db03ab5,B,Q10,true,14975,514259,4,5,1,1,1,3
5ae1a27246749a613db03ab5,B,Q15,true,19492,514259,4,5,1,1,1,3
5ae1a27246749a613db03ab5,B,Q12,false,9589,514259,4,5,1,1,1,3
5ae1a27246749a613db03ab5,B,Q11,true,9795,514259,4,5,1,1,1,3
5ae1a27246749a613db03ab5,B,Q5,true,8051,514259,4,5,1,1,1,3
5ae1a27246749a613db03ab5,B,Q2,true,13524,514259,4,5,1,1,1,3
5ae1a27246749a613db03ab5,B,Q3,true,12852,514259,4,5,1,1,1,3
5ae1a27246749a613db03ab5,B,Q18,true,22157,514259,4,5,1,1,1,3
5ae1a27246749a613db03ab5,B,Q6,true,9178,514259,4,5,1,1,1,3
5ae1a27246749a613db03ab5,B,Q8,true,25789,514259,4,5,1,1,1,3
5ae1a27246749a613db03ab5,B,Q16,false,10907,514259,4,5,1,1,1,3
5ae1a27246749a613db03ab5,B,Q9,false,8940,514259,4,5,1,1,1,3
5ae1a27246749a613db03ab5,B,Q4,true,17976,514259,4,5,1,1,1,3
5ae1a27246749a613db03ab5,B,Q7,true,16598,514259,4,5,1,1,1,3
5ae1a27246749a613db03ab5,B,Q14,true,13452,514259,4,5,1,1,1,3
5ae1a57946749a613db03ab6,B,D1,true,17172,1899140,3,3,1,4,1,4
5ae1a57946749a613db03ab6,B,D2,true,16597,1899140,3,3,1,4,1,4
5ae1a57946749a613db03ab6,B,Q8,true,17607,1899140,3,3,1,4,1,4
5ae1a57946749a613db03ab6,B,Q7,true,13183,1899140,3,3,1,4,1,4
5ae1a57946749a613db03ab6,B,Q16,true,18601,1899140,3,3,1,4,1,4
5ae1a57946749a613db03ab6,B,Q11,true,25634,1899140,3,3,1,4,1,4
5ae1a57946749a613db03ab6,B,Q6,true,12029,1899140,3,3,1,4,1,4
5ae1a57946749a613db03ab6,B,Q17,true,14972,1899140,3,3,1,4,1,4
5ae1a57946749a613db03ab6,B,Q5,true,23165,1899140,3,3,1,4,1,4
5ae1a57946749a613db03ab6,B,Q9,true,65262,1899140,3,3,1,4,1,4
5ae1a57946749a613db03ab6,B,Q3,false,35712,1899140,3,3,1,4,1,4
5ae1a57946749a613db03ab6,B,Q18,true,24997,1899140,3,3,1,4,1,4
5ae1a57946749a613db03ab6,B,Q12,true,15423,1899140,3,3,1,4,1,4
5ae1a57946749a613db03ab6,B,Q1,false,22430,1899140,3,3,1,4,1,4
5ae1a57946749a613db03ab6,B,Q15,true,14279,1899140,3,3,1,4,1,4
5ae1a57946749a613db03ab6,B,Q13,false,38881,1899140,3,3,1,4,1,4
5ae1a57946749a613db03ab6,B,Q2,true,9929,1899140,3,3,1,4,1,4
5ae1a57946749a613db03ab6,B,Q10,true,15127,1899140,3,3,1,4,1,4
5ae1a57946749a613db03ab6,B,Q14,true,14138,1899140,3,3,1,4,1,4
5ae1a57946749a613db03ab6,B,Q4,true,26420,1899140,3,3,1,4,1,4
5ae1b0c946749a613db03ab7,A,D1,true,13814,685560,3,2,1,1,1,4
5ae1b0c946749a613db03ab7,A,D2,true,26045,685560,3,2,1,1,1,4
5ae1b0c946749a613db03ab7,A,Q1,true,15431,685560,3,2,1,1,1,4
5ae1b0c946749a613db03ab7,A,Q11,true,23582,685560,3,2,1,1,1,4
5ae1b0c946749a613db03ab7,A,Q2,true,13860,685560,3,2,1,1,1,4
5ae1b0c946749a613db03ab7,A,Q17,true,25245,685560,3,2,1,1,1,4
5ae1b0c946749a613db03ab7,A,Q8,true,29404,685560,3,2,1,1,1,4
5ae1b0c946749a613db03ab7,A,Q6,true,22784,685560,3,2,1,1,1,4
5ae1b0c946749a613db03ab7,A,Q14,true,13811,685560,3,2,1,1,1,4
5ae1b0c946749a613db03ab7,A,Q9,false,21068,685560,3,2,1,1,1,4
5ae1b0c946749a613db03ab7,A,Q4,true,17258,685560,3,2,1,1,1,4
5ae1b0c946749a613db03ab7,A,Q18,true,18295,685560,3,2,1,1,1,4
5ae1b0c946749a613db03ab7,A,Q5,true,10536,685560,3,2,1,1,1,4
5ae1b0c946749a613db03ab7,A,Q10,true,28934,685560,3,2,1,1,1,4
5ae1b0c946749a613db03ab7,A,Q13,true,18080,685560,3,2,1,1,1,4
5ae1b0c946749a613db03ab7,A,Q12,true,32167,685560,3,2,1,1,1,4
5ae1b0c946749a613db03ab7,A,Q15,true,24642,685560,3,2,1,1,1,4
5ae1b0c946749a613db03ab7,A,Q16,true,18589,685560,3,2,1,1,1,4
5ae1b0c946749a613db03ab7,A,Q7,true,11041,685560,3,2,1,1,1,4
5ae1b0c946749a613db03ab7,A,Q3,true,13963,685560,3,2,1,1,1,4
5ae1b1a446749a613db03ab8,A,D1,true,16689,423028,4,5,1,1,4,2
5ae1b1a446749a613db03ab8,A,D2,false,20218,423028,4,5,1,1,4,2
5ae1b1a446749a613db03ab8,A,Q14,false,37099,423028,4,5,1,1,4,2
5ae1b1a446749a613db03ab8,A,Q3,true,14577,423028,4,5,1,1,4,2
5ae1b1a446749a613db03ab8,A,Q12,false,23094,423028,4,5,1,1,4,2
5ae1b1a446749a613db03ab8,A,Q11,true,18468,423028,4,5,1,1,4,2
5ae1b1a446749a613db03ab8,A,Q4,true,19377,423028,4,5,1,1,4,2
5ae1b1a446749a613db03ab8,A,Q10,true,15586,423028,4,5,1,1,4,2
5ae1b1a446749a613db03ab8,A,Q2,true,9360,423028,4,5,1,1,4,2
5ae1b1a446749a613db03ab8,A,Q6,true,8332,423028,4,5,1,1,4,2
5ae1b1a446749a613db03ab8,A,Q15,false,12697,423028,4,5,1,1,4,2
5ae1b1a446749a613db03ab8,A,Q1,true,9294,423028,4,5,1,1,4,2
5ae1b1a446749a613db03ab8,A,Q18,false,26654,423028,4,5,1,1,4,2
5ae1b1a446749a613db03ab8,A,Q9,true,15602,423028,4,5,1,1,4,2
5ae1b1a446749a613db03ab8,A,Q8,true,13409,423028,4,5,1,1,4,2
5ae1b1a446749a613db03ab8,A,Q13,true,17644,423028,4,5,1,1,4,2
5ae1b1a446749a613db03ab8,A,Q16,false,13952,423028,4,5,1,1,4,2
5ae1b1a446749a613db03ab8,A,Q5,false,10826,423028,4,5,1,1,4,2
5ae1b1a446749a613db03ab8,A,Q7,false,9242,423028,4,5,1,1,4,2
5ae1b1a446749a613db03ab8,A,Q17,false,14399,423028,4,5,1,1,4,2
5ae1b1a646749a613db03ab9,A,D1,true,24826,431962,4,3,2,4,1,1
5ae1b1a646749a613db03ab9,A,D2,false,16111,431962,4,3,2,4,1,1
5ae1b1a646749a613db03ab9,A,Q2,true,13518,431962,4,3,2,4,1,1
5ae1b1a646749a613db03ab9,A,Q16,false,13337,431962,4,3,2,4,1,1
5ae1b1a646749a613db03ab9,A,Q12,false,65376,431962,4,3,2,4,1,1
5ae1b1a646749a613db03ab9,A,Q7,true,21979,431962,4,3,2,4,1,1
5ae1b1a646749a613db03ab9,A,Q11,true,8624,431962,4,3,2,4,1,1
5ae1b1a646749a613db03ab9,A,Q14,true,8368,431962,4,3,2,4,1,1
5ae1b1a646749a613db03ab9,A,Q4,false,21057,431962,4,3,2,4,1,1
5ae1b1a646749a613db03ab9,A,Q1,false,15679,431962,4,3,2,4,1,1
5ae1b1a646749a613db03ab9,A,Q13,false,26628,431962,4,3,2,4,1,1
5ae1b1a646749a613db03ab9,A,Q3,false,10464,431962,4,3,2,4,1,1
5ae1b1a646749a613db03ab9,A,Q6,true,9984,431962,4,3,2,4,1,1
5ae1b1a646749a613db03ab9,A,Q10,false,8488,431962,4,3,2,4,1,1
5ae1b1a646749a613db03ab9,A,Q15,true,10549,431962,4,3,2,4,1,1
5ae1b1a646749a613db03ab9,A,Q5,true,7534,431962,4,3,2,4,1,1
5ae1b1a646749a613db03ab9,A,Q9,false,8353,431962,4,3,2,4,1,1
5ae1b1a646749a613db03ab9,A,Q8,false,7382,431962,4,3,2,4,1,1
5ae1b1a646749a613db03ab9,A,Q17,true,8729,431962,4,3,2,4,1,1
5ae1b1a646749a613db03ab9,A,Q18,true,9448,431962,4,3,2,4,1,1
5ae1b9e246749a613db03aba,B,D1,true,33694,677362,3,3,2,3,1,2
5ae1b9e246749a613db03aba,B,D2,true,33548,677362,3,3,2,3,1,2
5ae1b9e246749a613db03aba,B,Q17,false,54430,677362,3,3,2,3,1,2
5ae1b9e246749a613db03aba,B,Q2,true,14464,677362,3,3,2,3,1,2
5ae1b9e246749a613db03aba,B,Q13,false,22738,677362,3,3,2,3,1,2
5ae1b9e246749a613db03aba,B,Q8,true,25694,677362,3,3,2,3,1,2
5ae1b9e246749a613db03aba,B,Q5,true,17214,677362,3,3,2,3,1,2
5ae1b9e246749a613db03aba,B,Q12,false,22152,677362,3,3,2,3,1,2
5ae1b9e246749a613db03aba,B,Q14,true,17324,677362,3,3,2,3,1,2
5ae1b9e246749a613db03aba,B,Q3,false,11980,677362,3,3,2,3,1,2
5ae1b9e246749a613db03aba,B,Q7,true,12452,677362,3,3,2,3,1,2
5ae1b9e246749a613db03aba,B,Q18,true,12950,677362,3,3,2,3,1,2
5ae1b9e246749a613db03aba,B,Q4,true,21946,677362,3,3,2,3,1,2
5ae1b9e246749a613db03aba,B,Q15,true,15816,677362,3,3,2,3,1,2
5ae1b9e246749a613db03aba,B,Q9,false,21218,677362,3,3,2,3,1,2
5ae1b9e246749a613db03aba,B,Q6,true,10664,677362,3,3,2,3,1,2
5ae1b9e246749a613db03aba,B,Q16,true,12792,677362,3,3,2,3,1,2
5ae1b9e246749a613db03aba,B,Q11,true,13128,677362,3,3,2,3,1,2
5ae1b9e246749a613db03aba,B,Q10,false,14028,677362,3,3,2,3,1,2
5ae1b9e246749a613db03aba,B,Q1,false,10438,677362,3,3,2,3,1,2
5ae1bc5a46749a613db03abb,B,D1,true,28315,1153426,3,2,4,1,1,1
5ae1bc5a46749a613db03abb,B,D2,true,34365,1153426,3,2,4,1,1,1
5ae1bc5a46749a613db03abb,B,Q6,true,14015,1153426,3,2,4,1,1,1
5ae1bc5a46749a613db03abb,B,Q5,true,15170,1153426,3,2,4,1,1,1
5ae1bc5a46749a613db03abb,B,Q10,true,30088,1153426,3,2,4,1,1,1
5ae1bc5a46749a613db03abb,B,Q13,true,15215,1153426,3,2,4,1,1,1
5ae1bc5a46749a613db03abb,B,Q18,true,33152,1153426,3,2,4,1,1,1
5ae1bc5a46749a613db03abb,B,Q14,true,49456,1153426,3,2,4,1,1,1
5ae1bc5a46749a613db03abb,B,Q17,true,11990,1153426,3,2,4,1,1,1
5ae1bc5a46749a613db03abb,B,Q7,true,13130,1153426,3,2,4,1,1,1
5ae1bc5a46749a613db03abb,B,Q4,true,39357,1153426,3,2,4,1,1,1
5ae1bc5a46749a613db03abb,B,Q9,true,17840,1153426,3,2,4,1,1,1
5ae1bc5a46749a613db03abb,B,Q2,true,13849,1153426,3,2,4,1,1,1
5ae1bc5a46749a613db03abb,B,Q12,true,23585,1153426,3,2,4,1,1,1
5ae1bc5a46749a613db03abb,B,Q3,true,56150,1153426,3,2,4,1,1,1
5ae1bc5a46749a613db03abb,B,Q16,true,16341,1153426,3,2,4,1,1,1
5ae1bc5a46749a613db03abb,B,Q8,true,19731,1153426,3,2,4,1,1,1
5ae1bc5a46749a613db03abb,B,Q15,true,13203,1153426,3,2,4,1,1,1
5ae1bc5a46749a613db03abb,B,Q11,true,18574,1153426,3,2,4,1,1,1
5ae1bc5a46749a613db03abb,B,Q1,true,17581,1153426,3,2,4,1,1,1
5ae1c15846749a613db03abc,A,D1,true,20020,580010,3,3,3,3,1,2
5ae1c15846749a613db03abc,A,D2,false,37694,580010,3,3,3,3,1,2
5ae1c15846749a613db03abc,A,Q6,true,20680,580010,3,3,3,3,1,2
5ae1c15846749a613db03abc,A,Q4,true,31638,580010,3,3,3,3,1,2
5ae1c15846749a613db03abc,A,Q14,false,20178,580010,3,3,3,3,1,2
5ae1c15846749a613db03abc,A,Q3,true,27422,580010,3,3,3,3,1,2
5ae1c15846749a613db03abc,A,Q7,false,16092,580010,3,3,3,3,1,2
5ae1c15846749a613db03abc,A,Q1,true,23614,580010,3,3,3,3,1,2
5ae1c15846749a613db03abc,A,Q5,false,12790,580010,3,3,3,3,1,2
5ae1c15846749a613db03abc,A,Q9,true,36590,580010,3,3,3,3,1,2
5ae1c15846749a613db03abc,A,Q17,false,25738,580010,3,3,3,3,1,2
5ae1c15846749a613db03abc,A,Q12,false,15896,580010,3,3,3,3,1,2
5ae1c15846749a613db03abc,A,Q18,false,14032,580010,3,3,3,3,1,2
5ae1c15846749a613db03abc,A,Q11,true,17646,580010,3,3,3,3,1,2
5ae1c15846749a613db03abc,A,Q8,true,21428,580010,3,3,3,3,1,2
5ae1c15846749a613db03abc,A,Q16,false,15078,580010,3,3,3,3,1,2
5ae1c15846749a613db03abc,A,Q15,false,15824,580010,3,3,3,3,1,2
5ae1c15846749a613db03abc,A,Q10,true,19264,580010,3,3,3,3,1,2
5ae1c15846749a613db03abc,A,Q2,true,11288,580010,3,3,3,3,1,2
5ae1c15846749a613db03abc,A,Q13,true,24014,580010,3,3,3,3,1,2
5ae1c1d546749a613db03abd,A,D1,true,8226,242316,1,1,1,1,1,5
5ae1c1d546749a613db03abd,A,D2,true,9167,242316,1,1,1,1,1,5
5ae1c1d546749a613db03abd,A,Q10,true,12912,242316,1,1,1,1,1,5
5ae1c1d546749a613db03abd,A,Q17,true,10095,242316,1,1,1,1,1,5
5ae1c1d546749a613db03abd,A,Q1,true,11965,242316,1,1,1,1,1,5
5ae1c1d546749a613db03abd,A,Q15,true,15308,242316,1,1,1,1,1,5
5ae1c1d546749a613db03abd,A,Q11,true,12686,242316,1,1,1,1,1,5
5ae1c1d546749a613db03abd,A,Q13,true,11506,242316,1,1,1,1,1,5
5ae1c1d546749a613db03abd,A,Q7,true,7553,242316,1,1,1,1,1,5
5ae1c1d546749a613db03abd,A,Q8,true,12483,242316,1,1,1,1,1,5
5ae1c1d546749a613db03abd,A,Q2,true,6207,242316,1,1,1,1,1,5
5ae1c1d546749a613db03abd,A,Q18,true,12334,242316,1,1,1,1,1,5
5ae1c1d546749a613db03abd,A,Q12,true,19745,242316,1,1,1,1,1,5
5ae1c1d546749a613db03abd,A,Q6,true,5975,242316,1,1,1,1,1,5
5ae1c1d546749a613db03abd,A,Q9,true,10573,242316,1,1,1,1,1,5
5ae1c1d546749a613db03abd,A,Q14,true,6612,242316,1,1,1,1,1,5
5ae1c1d546749a613db03abd,A,Q16,true,13054,242316,1,1,1,1,1,5
5ae1c1d546749a613db03abd,A,Q5,true,12454,242316,1,1,1,1,1,5
5ae1c1d546749a613db03abd,A,Q3,true,8087,242316,1,1,1,1,1,5
5ae1c1d546749a613db03abd,A,Q4,true,10800,242316,1,1,1,1,1,5
5ae1c8f546749a613db03abe,B,D1,true,11290,662761,3,3,2,1,1,2
5ae1c8f546749a613db03abe,B,D2,true,21983,662761,3,3,2,1,1,2
5ae1c8f546749a613db03abe,B,Q9,false,51112,662761,3,3,2,1,1,2
5ae1c8f546749a613db03abe,B,Q13,false,30495,662761,3,3,2,1,1,2
5ae1c8f546749a613db03abe,B,Q11,true,16199,662761,3,3,2,1,1,2
5ae1c8f546749a613db03abe,B,Q4,true,22159,662761,3,3,2,1,1,2
5ae1c8f546749a613db03abe,B,Q18,true,16841,662761,3,3,2,1,1,2
5ae1c8f546749a613db03abe,B,Q8,true,21352,662761,3,3,2,1,1,2
5ae1c8f546749a613db03abe,B,Q12,false,22825,662761,3,3,2,1,1,2
5ae1c8f546749a613db03abe,B,Q2,true,11928,662761,3,3,2,1,1,2
5ae1c8f546749a613db03abe,B,Q15,true,18960,662761,3,3,2,1,1,2
5ae1c8f546749a613db03abe,B,Q1,false,14351,662761,3,3,2,1,1,2
5ae1c8f546749a613db03abe,B,Q3,false,8464,662761,3,3,2,1,1,2
5ae1c8f546749a613db03abe,B,Q5,true,18920,662761,3,3,2,1,1,2
5ae1c8f546749a613db03abe,B,Q7,true,15447,662761,3,3,2,1,1,2
5ae1c8f546749a613db03abe,B,Q17,true,17753,662761,3,3,2,1,1,2
5ae1c8f546749a613db03abe,B,Q6,true,16962,662761,3,3,2,1,1,2
5ae1c8f546749a613db03abe,B,Q16,true,11614,662761,3,3,2,1,1,2
5ae1c8f546749a613db03abe,B,Q14,true,25792,662761,3,3,2,1,1,2
5ae1c8f546749a613db03abe,B,Q10,false,48384,662761,3,3,2,1,1,2
5ae1d14446749a613db03abf,B,D1,true,15200,496500,2,2,1,1,1,2
5ae1d14446749a613db03abf,B,D2,true,12700,496500,2,2,1,1,1,2
5ae1d14446749a613db03abf,B,Q15,true,15900,496500,2,2,1,1,1,2
5ae1d14446749a613db03abf,B,Q9,true,54200,496500,2,2,1,1,1,2
5ae1d14446749a613db03abf,B,Q14,true,11200,496500,2,2,1,1,1,2
5ae1d14446749a613db03abf,B,Q8,false,200,496500,2,2,1,1,1,2
5ae1d14446749a613db03abf,B,Q10,true,17300,496500,2,2,1,1,1,2
5ae1d14446749a613db03abf,B,Q2,true,10700,496500,2,2,1,1,1,2
5ae1d14446749a613db03abf,B,Q3,true,9700,496500,2,2,1,1,1,2
5ae1d14446749a613db03abf,B,Q16,true,15400,496500,2,2,1,1,1,2
5ae1d14446749a613db03abf,B,Q12,false,43200,496500,2,2,1,1,1,2
5ae1d14446749a613db03abf,B,Q4,true,19700,496500,2,2,1,1,1,2
5ae1d14446749a613db03abf,B,Q17,false,34100,496500,2,2,1,1,1,2
5ae1d14446749a613db03abf,B,Q13,true,10000,496500,2,2,1,1,1,2
5ae1d14446749a613db03abf,B,Q11,false,200,496500,2,2,1,1,1,2
5ae1d14446749a613db03abf,B,Q18,true,18500,496500,2,2,1,1,1,2
5ae1d14446749a613db03abf,B,Q6,true,9700,496500,2,2,1,1,1,2
5ae1d14446749a613db03abf,B,Q7,true,13200,496500,2,2,1,1,1,2
5ae1d14446749a613db03abf,B,Q5,true,12500,496500,2,2,1,1,1,2
5ae1d14446749a613db03abf,B,Q1,true,16200,496500,2,2,1,1,1,2
5ae1d26a46749a613db03ac0,B,D1,true,11798,450174,1,1,2,1,1,2
5ae1d26a46749a613db03ac0,B,D2,false,20298,450174,1,1,2,1,1,2
5ae1d26a46749a613db03ac0,B,Q12,true,18486,450174,1,1,2,1,1,2
5ae1d26a46749a613db03ac0,B,Q3,true,12148,450174,1,1,2,1,1,2
5ae1d26a46749a613db03ac0,B,Q6,true,14330,450174,1,1,2,1,1,2
5ae1d26a46749a613db03ac0,B,Q14,true,15168,450174,1,1,2,1,1,2
5ae1d26a46749a613db03ac0,B,Q10,true,12000,450174,1,1,2,1,1,2
5ae1d26a46749a613db03ac0,B,Q7,false,18198,450174,1,1,2,1,1,2
5ae1d26a46749a613db03ac0,B,Q8,false,26854,450174,1,1,2,1,1,2
5ae1d26a46749a613db03ac0,B,Q9,true,18622,450174,1,1,2,1,1,2
5ae1d26a46749a613db03ac0,B,Q17,true,15776,450174,1,1,2,1,1,2
5ae1d26a46749a613db03ac0,B,Q11,true,10298,450174,1,1,2,1,1,2
5ae1d26a46749a613db03ac0,B,Q1,true,9616,450174,1,1,2,1,1,2
5ae1d26a46749a613db03ac0,B,Q15,true,14454,450174,1,1,2,1,1,2
5ae1d26a46749a613db03ac0,B,Q18,false,16654,450174,1,1,2,1,1,2
5ae1d26a46749a613db03ac0,B,Q2,true,11856,450174,1,1,2,1,1,2
5ae1d26a46749a613db03ac0,B,Q16,true,15320,450174,1,1,2,1,1,2
5ae1d26a46749a613db03ac0,B,Q5,true,11764,450174,1,1,2,1,1,2
5ae1d26a46749a613db03ac0,B,Q4,true,12864,450174,1,1,2,1,1,2
5ae1d26a46749a613db03ac0,B,Q13,true,8470,450174,1,1,2,1,1,2
5ae1de0a46749a613db03ac1,A,D1,true,8385,83723,1,1,1,2,2,1
5ae1de0a46749a613db03ac1,A,D2,false,1618,83723,1,1,1,2,2,1
5ae1de0a46749a613db03ac1,A,Q16,false,1845,83723,1,1,1,2,2,1
5ae1de0a46749a613db03ac1,A,Q7,false,2047,83723,1,1,1,2,2,1
5ae1de0a46749a613db03ac1,A,Q4,false,3043,83723,1,1,1,2,2,1
5ae1de0a46749a613db03ac1,A,Q6,true,1448,83723,1,1,1,2,2,1
5ae1de0a46749a613db03ac1,A,Q2,false,1075,83723,1,1,1,2,2,1
5ae1de0a46749a613db03ac1,A,Q9,false,1900,83723,1,1,1,2,2,1
5ae1de0a46749a613db03ac1,A,Q3,false,1669,83723,1,1,1,2,2,1
5ae1de0a46749a613db03ac1,A,Q5,false,1417,83723,1,1,1,2,2,1
5ae1de0a46749a613db03ac1,A,Q13,false,1111,83723,1,1,1,2,2,1
5ae1de0a46749a613db03ac1,A,Q11,false,1128,83723,1,1,1,2,2,1
5ae1de0a46749a613db03ac1,A,Q10,false,1610,83723,1,1,1,2,2,1
5ae1de0a46749a613db03ac1,A,Q18,true,3566,83723,1,1,1,2,2,1
5ae1de0a46749a613db03ac1,A,Q17,false,1684,83723,1,1,1,2,2,1
5ae1de0a46749a613db03ac1,A,Q8,false,1920,83723,1,1,1,2,2,1
5ae1de0a46749a613db03ac1,A,Q1,false,1982,83723,1,1,1,2,2,1
5ae1de0a46749a613db03ac1,A,Q15,true,2006,83723,1,1,1,2,2,1
5ae1de0a46749a613db03ac1,A,Q14,false,1675,83723,1,1,1,2,2,1
5ae1de0a46749a613db03ac1,A,Q12,false,1929,83723,1,1,1,2,2,1
5ae1e6f746749a613db03ac2,A,D1,true,30222,3847994,3,1,3,3,1,2
5ae1e6f746749a613db03ac2,A,D2,true,52922,3847994,3,1,3,3,1,2
5ae1e6f746749a613db03ac2,A,Q12,false,50662,3847994,3,1,3,3,1,2
5ae1e6f746749a613db03ac2,A,Q11,true,14042,3847994,3,1,3,3,1,2
5ae1e6f746749a613db03ac2,A,Q9,false,19446,3847994,3,1,3,3,1,2
5ae1e6f746749a613db03ac2,A,Q4,false,52404,3847994,3,1,3,3,1,2
5ae1e6f746749a613db03ac2,A,Q14,true,13966,3847994,3,1,3,3,1,2
5ae1e6f746749a613db03ac2,A,Q2,true,11072,3847994,3,1,3,3,1,2
5ae1e6f746749a613db03ac2,A,Q18,true,13852,3847994,3,1,3,3,1,2
5ae1e6f746749a613db03ac2,A,Q10,false,15460,3847994,3,1,3,3,1,2
5ae1e6f746749a613db03ac2,A,Q16,true,15162,3847994,3,1,3,3,1,2
5ae1e6f746749a613db03ac2,A,Q17,true,14530,3847994,3,1,3,3,1,2
5ae1e6f746749a613db03ac2,A,Q8,true,45482,3847994,3,1,3,3,1,2
5ae1e6f746749a613db03ac2,A,Q7,true,7540,3847994,3,1,3,3,1,2
5ae1e6f746749a613db03ac2,A,Q13,false,11450,3847994,3,1,3,3,1,2
5ae1e6f746749a613db03ac2,A,Q15,true,11338,3847994,3,1,3,3,1,2
5ae1e6f746749a613db03ac2,A,Q3,false,8678,3847994,3,1,3,3,1,2
5ae1e6f746749a613db03ac2,A,Q5,true,15388,3847994,3,1,3,3,1,2
5ae1e6f746749a613db03ac2,A,Q6,true,14800,3847994,3,1,3,3,1,2
5ae1e6f746749a613db03ac2,A,Q1,false,10674,3847994,3,1,3,3,1,2
5ae1ee7546749a613db03ac3,B,D1,true,19969,597976,3,2,3,3,1,2
5ae1ee7546749a613db03ac3,B,D2,true,27182,597976,3,2,3,3,1,2
5ae1ee7546749a613db03ac3,B,Q1,false,30680,597976,3,2,3,3,1,2
5ae1ee7546749a613db03ac3,B,Q18,true,22432,597976,3,2,3,3,1,2
5ae1ee7546749a613db03ac3,B,Q12,false,13488,597976,3,2,3,3,1,2
5ae1ee7546749a613db03ac3,B,Q10,false,18715,597976,3,2,3,3,1,2
5ae1ee7546749a613db03ac3,B,Q16,true,16701,597976,3,2,3,3,1,2
5ae1ee7546749a613db03ac3,B,Q15,true,22026,597976,3,2,3,3,1,2
5ae1ee7546749a613db03ac3,B,Q2,true,22480,597976,3,2,3,3,1,2
5ae1ee7546749a613db03ac3,B,Q4,true,20300,597976,3,2,3,3,1,2
5ae1ee7546749a613db03ac3,B,Q14,true,36484,597976,3,2,3,3,1,2
5ae1ee7546749a613db03ac3,B,Q7,true,8406,597976,3,2,3,3,1,2
5ae1ee7546749a613db03ac3,B,Q9,false,13867,597976,3,2,3,3,1,2
5ae1ee7546749a613db03ac3,B,Q11,false,11184,597976,3,2,3,3,1,2
5ae1ee7546749a613db03ac3,B,Q8,true,17728,597976,3,2,3,3,1,2
5ae1ee7546749a613db03ac3,B,Q13,false,13542,597976,3,2,3,3,1,2
5ae1ee7546749a613db03ac3,B,Q5,true,13914,597976,3,2,3,3,1,2
5ae1ee7546749a613db03ac3,B,Q3,false,13825,597976,3,2,3,3,1,2
5ae1ee7546749a613db03ac3,B,Q17,false,112554,597976,3,2,3,3,1,2
5ae1ee7546749a613db03ac3,B,Q6,true,10106,597976,3,2,3,3,1,2
5ae1f2d346749a613db03ac4,B,D1,true,20804,1213929,3,2,2,1,1,1
5ae1f2d346749a613db03ac4,B,D2,true,18334,1213929,3,2,2,1,1,1
5ae1f2d346749a613db03ac4,B,Q1,true,36477,1213929,3,2,2,1,1,1
5ae1f2d346749a613db03ac4,B,Q15,true,43481,1213929,3,2,2,1,1,1
5ae1f2d346749a613db03ac4,B,Q17,true,76514,1213929,3,2,2,1,1,1
5ae1f2d346749a613db03ac4,B,Q12,false,96298,1213929,3,2,2,1,1,1
5ae1f2d346749a613db03ac4,B,Q16,true,31382,1213929,3,2,2,1,1,1
5ae1f2d346749a613db03ac4,B,Q2,true,14725,1213929,3,2,2,1,1,1
5ae1f2d346749a613db03ac4,B,Q3,true,31112,1213929,3,2,2,1,1,1
5ae1f2d346749a613db03ac4,B,Q4,true,65456,1213929,3,2,2,1,1,1
5ae1f2d346749a613db03ac4,B,Q10,true,62236,1213929,3,2,2,1,1,1
5ae1f2d346749a613db03ac4,B,Q14,true,28560,1213929,3,2,2,1,1,1
5ae1f2d346749a613db03ac4,B,Q6,true,15443,1213929,3,2,2,1,1,1
5ae1f2d346749a613db03ac4,B,Q8,true,41653,1213929,3,2,2,1,1,1
5ae1f2d346749a613db03ac4,B,Q18,false,57187,1213929,3,2,2,1,1,1
5ae1f2d346749a613db03ac4,B,Q9,false,28800,1213929,3,2,2,1,1,1
5ae1f2d346749a613db03ac4,B,Q5,true,38655,1213929,3,2,2,1,1,1
5ae1f2d346749a613db03ac4,B,Q11,true,24378,1213929,3,2,2,1,1,1
5ae1f2d346749a613db03ac4,B,Q13,true,21598,1213929,3,2,2,1,1,1
5ae1f2d346749a613db03ac4,B,Q7,true,19251,1213929,3,2,2,1,1,1
5ae2009346749a613db03ac5,A,D1,true,24545,1186371,4,3,1,4,4,1
5ae2009346749a613db03ac5,A,D2,true,56240,1186371,4,3,1,4,4,1
5ae2009346749a613db03ac5,A,Q8,true,23563,1186371,4,3,1,4,4,1
5ae2009346749a613db03ac5,A,Q5,true,13091,1186371,4,3,1,4,4,1
5ae2009346749a613db03ac5,A,Q16,true,16173,1186371,4,3,1,4,4,1
5ae2009346749a613db03ac5,A,Q15,true,37943,1186371,4,3,1,4,4,1
5ae2009346749a613db03ac5,A,Q18,false,22826,1186371,4,3,1,4,4,1
5ae2009346749a613db03ac5,A,Q10,false,20928,1186371,4,3,1,4,4,1
5ae2009346749a613db03ac5,A,Q12,false,27233,1186371,4,3,1,4,4,1
5ae2009346749a613db03ac5,A,Q11,true,17911,1186371,4,3,1,4,4,1
5ae2009346749a613db03ac5,A,Q1,false,13962,1186371,4,3,1,4,4,1
5ae2009346749a613db03ac5,A,Q7,true,11102,1186371,4,3,1,4,4,1
5ae2009346749a613db03ac5,A,Q14,true,20990,1186371,4,3,1,4,4,1
5ae2009346749a613db03ac5,A,Q6,true,15789,1186371,4,3,1,4,4,1
5ae2009346749a613db03ac5,A,Q4,true,19527,1186371,4,3,1,4,4,1
5ae2009346749a613db03ac5,A,Q17,true,21750,1186371,4,3,1,4,4,1
5ae2009346749a613db03ac5,A,Q3,false,28416,1186371,4,3,1,4,4,1
5ae2009346749a613db03ac5,A,Q2,true,25700,1186371,4,3,1,4,4,1
5ae2009346749a613db03ac5,A,Q13,false,13918,1186371,4,3,1,4,4,1
5ae2009346749a613db03ac5,A,Q9,false,15840,1186371,4,3,1,4,4,1
5ae2058546749a613db03ac6,A,D1,true,22010,1065036,2,2,2,1,1,1
5ae2058546749a613db03ac6,A,D2,true,29932,1065036,2,2,2,1,1,1
5ae2058546749a613db03ac6,A,Q2,true,20228,1065036,2,2,2,1,1,1
5ae2058546749a613db03ac6,A,Q4,true,36986,1065036,2,2,2,1,1,1
5ae2058546749a613db03ac6,A,Q13,false,21294,1065036,2,2,2,1,1,1
5ae2058546749a613db03ac6,A,Q7,true,17894,1065036,2,2,2,1,1,1
5ae2058546749a613db03ac6,A,Q1,false,22646,1065036,2,2,2,1,1,1
5ae2058546749a613db03ac6,A,Q16,true,87950,1065036,2,2,2,1,1,1
5ae2058546749a613db03ac6,A,Q12,false,60514,1065036,2,2,2,1,1,1
5ae2058546749a613db03ac6,A,Q8,true,18652,1065036,2,2,2,1,1,1
5ae2058546749a613db03ac6,A,Q11,true,31674,1065036,2,2,2,1,1,1
5ae2058546749a613db03ac6,A,Q14,true,25268,1065036,2,2,2,1,1,1
5ae2058546749a613db03ac6,A,Q18,true,19838,1065036,2,2,2,1,1,1
5ae2058546749a613db03ac6,A,Q6,true,12856,1065036,2,2,2,1,1,1
5ae2058546749a613db03ac6,A,Q17,true,33604,1065036,2,2,2,1,1,1
5ae2058546749a613db03ac6,A,Q10,true,142484,1065036,2,2,2,1,1,1
5ae2058546749a613db03ac6,A,Q5,true,12794,1065036,2,2,2,1,1,1
5ae2058546749a613db03ac6,A,Q9,false,17642,1065036,2,2,2,1,1,1
5ae2058546749a613db03ac6,A,Q3,true,13526,1065036,2,2,2,1,1,1
5ae2058546749a613db03ac6,A,Q15,true,16904,1065036,2,2,2,1,1,1
5ae21f3046749a613db03ac7,B,D1,true,22906,482358,3,2,2,3,1,1
5ae21f3046749a613db03ac7,B,D2,true,24863,482358,3,2,2,3,1,1
5ae21f3046749a613db03ac7,B,Q1,false,17074,482358,3,2,2,3,1,1
5ae21f3046749a613db03ac7,B,Q16,true,15875,482358,3,2,2,3,1,1
5ae21f3046749a613db03ac7,B,Q15,true,24116,482358,3,2,2,3,1,1
5ae21f3046749a613db03ac7,B,Q4,false,32965,482358,3,2,2,3,1,1
5ae21f3046749a613db03ac7,B,Q8,false,14389,482358,3,2,2,3,1,1
5ae21f3046749a613db03ac7,B,Q12,false,18491,482358,3,2,2,3,1,1
5ae21f3046749a613db03ac7,B,Q5,true,18598,482358,3,2,2,3,1,1
5ae21f3046749a613db03ac7,B,Q18,true,10841,482358,3,2,2,3,1,1
5ae21f3046749a613db03ac7,B,Q7,true,15550,482358,3,2,2,3,1,1
5ae21f3046749a613db03ac7,B,Q13,false,11388,482358,3,2,2,3,1,1
5ae21f3046749a613db03ac7,B,Q11,true,9980,482358,3,2,2,3,1,1
5ae21f3046749a613db03ac7,B,Q9,false,9330,482358,3,2,2,3,1,1
5ae21f3046749a613db03ac7,B,Q2,true,8994,482358,3,2,2,3,1,1
5ae21f3046749a613db03ac7,B,Q3,false,9095,482358,3,2,2,3,1,1
5ae21f3046749a613db03ac7,B,Q10,false,15597,482358,3,2,2,3,1,1
5ae21f3046749a613db03ac7,B,Q6,true,11519,482358,3,2,2,3,1,1
5ae21f3046749a613db03ac7,B,Q14,true,8272,482358,3,2,2,3,1,1
5ae21f3046749a613db03ac7,B,Q17,true,19557,482358,3,2,2,3,1,1
5ae247f346749a613db03ac8,A,D1,true,12352,1025752,2,1,2,1,1,2
5ae247f346749a613db03ac8,A,D2,false,32598,1025752,2,1,2,1,1,2
5ae247f346749a613db03ac8,A,Q14,false,45208,1025752,2,1,2,1,1,2
5ae247f346749a613db03ac8,A,Q2,true,38818,1025752,2,1,2,1,1,2
5ae247f346749a613db03ac8,A,Q13,false,27854,1025752,2,1,2,1,1,2
5ae247f346749a613db03ac8,A,Q9,false,19818,1025752,2,1,2,1,1,2
5ae247f346749a613db03ac8,A,Q17,true,31976,1025752,2,1,2,1,1,2
5ae247f346749a613db03ac8,A,Q6,true,15038,1025752,2,1,2,1,1,2
5ae247f346749a613db03ac8,A,Q16,true,20864,1025752,2,1,2,1,1,2
5ae247f346749a613db03ac8,A,Q5,true,13742,1025752,2,1,2,1,1,2
5ae247f346749a613db03ac8,A,Q1,false,37674,1025752,2,1,2,1,1,2
5ae247f346749a613db03ac8,A,Q10,false,14360,1025752,2,1,2,1,1,2
5ae247f346749a613db03ac8,A,Q8,true,52996,1025752,2,1,2,1,1,2
5ae247f346749a613db03ac8,A,Q11,true,20604,1025752,2,1,2,1,1,2
5ae247f346749a613db03ac8,A,Q18,true,17932,1025752,2,1,2,1,1,2
5ae247f346749a613db03ac8,A,Q3,false,10694,1025752,2,1,2,1,1,2
5ae247f346749a613db03ac8,A,Q12,false,9042,1025752,2,1,2,1,1,2
5ae247f346749a613db03ac8,A,Q7,true,16474,1025752,2,1,2,1,1,2
5ae247f346749a613db03ac8,A,Q15,true,15138,1025752,2,1,2,1,1,2
5ae247f346749a613db03ac8,A,Q4,true,16138,1025752,2,1,2,1,1,2
5ae25b7e46749a613db03ac9,B,D1,false,36113,1111568,4,3,3,4,1,1
5ae25b7e46749a613db03ac9,B,D2,true,59161,1111568,4,3,3,4,1,1
5ae25b7e46749a613db03ac9,B,Q5,true,41257,1111568,4,3,3,4,1,1
5ae25b7e46749a613db03ac9,B,Q1,false,30301,1111568,4,3,3,4,1,1
5ae25b7e46749a613db03ac9,B,Q3,false,15098,1111568,4,3,3,4,1,1
5ae25b7e46749a613db03ac9,B,Q17,false,46941,1111568,4,3,3,4,1,1
5ae25b7e46749a613db03ac9,B,Q18,false,186,1111568,4,3,3,4,1,1
5ae25b7e46749a613db03ac9,B,Q16,true,46187,1111568,4,3,3,4,1,1
5ae25b7e46749a613db03ac9,B,Q15,true,57755,1111568,4,3,3,4,1,1
5ae25b7e46749a613db03ac9,B,Q2,false,38255,1111568,4,3,3,4,1,1
5ae25b7e46749a613db03ac9,B,Q13,false,29545,1111568,4,3,3,4,1,1
5ae25b7e46749a613db03ac9,B,Q14,true,46425,1111568,4,3,3,4,1,1
5ae25b7e46749a613db03ac9,B,Q8,true,59776,1111568,4,3,3,4,1,1
5ae25b7e46749a613db03ac9,B,Q4,true,61982,1111568,4,3,3,4,1,1
5ae25b7e46749a613db03ac9,B,Q6,false,40283,1111568,4,3,3,4,1,1
5ae25b7e46749a613db03ac9,B,Q10,false,28251,1111568,4,3,3,4,1,1
5ae25b7e46749a613db03ac9,B,Q12,false,43310,1111568,4,3,3,4,1,1
5ae25b7e46749a613db03ac9,B,Q9,false,19450,1111568,4,3,3,4,1,1
5ae25b7e46749a613db03ac9,B,Q7,true,38983,1111568,4,3,3,4,1,1
5ae25b7e46749a613db03ac9,B,Q11,true,24956,1111568,4,3,3,4,1,1
5ae263e446749a613db03aca,A,D1,true,21050,1019093,5,5,1,3,1,3
5ae263e446749a613db03aca,A,D2,true,47299,1019093,5,5,1,3,1,3
5ae263e446749a613db03aca,A,Q6,true,21717,1019093,5,5,1,3,1,3
5ae263e446749a613db03aca,A,Q12,false,40853,1019093,5,5,1,3,1,3
5ae263e446749a613db03aca,A,Q7,true,34775,1019093,5,5,1,3,1,3
5ae263e446749a613db03aca,A,Q14,true,18669,1019093,5,5,1,3,1,3
5ae263e446749a613db03aca,A,Q13,false,16095,1019093,5,5,1,3,1,3
5ae263e446749a613db03aca,A,Q2,true,9006,1019093,5,5,1,3,1,3
5ae263e446749a613db03aca,A,Q17,true,10845,1019093,5,5,1,3,1,3
5ae263e446749a613db03aca,A,Q10,false,18727,1019093,5,5,1,3,1,3
5ae263e446749a613db03aca,A,Q9,false,10360,1019093,5,5,1,3,1,3
5ae263e446749a613db03aca,A,Q18,true,12237,1019093,5,5,1,3,1,3
5ae263e446749a613db03aca,A,Q4,true,28142,1019093,5,5,1,3,1,3
5ae263e446749a613db03aca,A,Q16,true,18759,1019093,5,5,1,3,1,3
5ae263e446749a613db03aca,A,Q3,false,10968,1019093,5,5,1,3,1,3
5ae263e446749a613db03aca,A,Q8,true,16828,1019093,5,5,1,3,1,3
5ae263e446749a613db03aca,A,Q11,true,14902,1019093,5,5,1,3,1,3
5ae263e446749a613db03aca,A,Q15,true,18863,1019093,5,5,1,3,1,3
5ae263e446749a613db03aca,A,Q5,true,25632,1019093,5,5,1,3,1,3
5ae263e446749a613db03aca,A,Q1,false,12265,1019093,5,5,1,3,1,3
5ae3035a46749a613db03acb,B,D1,true,26289,691147,3,2,3,3,1,2
5ae3035a46749a613db03acb,B,D2,true,32918,691147,3,2,3,3,1,2
5ae3035a46749a613db03acb,B,Q7,true,19870,691147,3,2,3,3,1,2
5ae3035a46749a613db03acb,B,Q18,true,74458,691147,3,2,3,3,1,2
5ae3035a46749a613db03acb,B,Q2,true,10799,691147,3,2,3,3,1,2
5ae3035a46749a613db03acb,B,Q5,true,27504,691147,3,2,3,3,1,2
5ae3035a46749a613db03acb,B,Q11,true,12627,691147,3,2,3,3,1,2
5ae3035a46749a613db03acb,B,Q1,false,9421,691147,3,2,3,3,1,2
5ae3035a46749a613db03acb,B,Q15,true,30174,691147,3,2,3,3,1,2
5ae3035a46749a613db03acb,B,Q14,true,17907,691147,3,2,3,3,1,2
5ae3035a46749a613db03acb,B,Q4,true,41565,691147,3,2,3,3,1,2
5ae3035a46749a613db03acb,B,Q17,true,10687,691147,3,2,3,3,1,2
5ae3035a46749a613db03acb,B,Q12,false,10712,691147,3,2,3,3,1,2
5ae3035a46749a613db03acb,B,Q6,true,9799,691147,3,2,3,3,1,2
5ae3035a46749a613db03acb,B,Q16,true,13921,691147,3,2,3,3,1,2
5ae3035a46749a613db03acb,B,Q13,false,11673,691147,3,2,3,3,1,2
5ae3035a46749a613db03acb,B,Q10,false,14063,691147,3,2,3,3,1,2
5ae3035a46749a613db03acb,B,Q3,false,15632,691147,3,2,3,3,1,2
5ae3035a46749a613db03acb,B,Q8,true,19823,691147,3,2,3,3,1,2
5ae3035a46749a613db03acb,B,Q9,false,11019,691147,3,2,3,3,1,2
5ae30eb546749a613db03acc,A,D1,true,26866,604442,5,5,3,5,3,4
5ae30eb546749a613db03acc,A,D2,true,29500,604442,5,5,3,5,3,4
5ae30eb546749a613db03acc,A,Q4,true,30768,604442,5,5,3,5,3,4
5ae30eb546749a613db03acc,A,Q14,true,21072,604442,5,5,3,5,3,4
5ae30eb546749a613db03acc,A,Q13,false,17876,604442,5,5,3,5,3,4
5ae30eb546749a613db03acc,A,Q7,true,22434,604442,5,5,3,5,3,4
5ae30eb546749a613db03acc,A,Q11,true,17748,604442,5,5,3,5,3,4
5ae30eb546749a613db03acc,A,Q1,false,11938,604442,5,5,3,5,3,4
5ae30eb546749a613db03acc,A,Q17,true,34578,604442,5,5,3,5,3,4
5ae30eb546749a613db03acc,A,Q18,true,8190,604442,5,5,3,5,3,4
5ae30eb546749a613db03acc,A,Q12,false,17108,604442,5,5,3,5,3,4
5ae30eb546749a613db03acc,A,Q15,true,15034,604442,5,5,3,5,3,4
5ae30eb546749a613db03acc,A,Q5,true,8664,604442,5,5,3,5,3,4
5ae30eb546749a613db03acc,A,Q16,true,5934,604442,5,5,3,5,3,4
5ae30eb546749a613db03acc,A,Q10,false,12002,604442,5,5,3,5,3,4
5ae30eb546749a613db03acc,A,Q6,true,9454,604442,5,5,3,5,3,4
5ae30eb546749a613db03acc,A,Q9,false,9746,604442,5,5,3,5,3,4
5ae30eb546749a613db03acc,A,Q2,true,10630,604442,5,5,3,5,3,4
5ae30eb546749a613db03acc,A,Q8,true,10734,604442,5,5,3,5,3,4
5ae30eb546749a613db03acc,A,Q3,false,7916,604442,5,5,3,5,3,4
5ae32e1946749a613db03acd,B,D1,true,21416,445674,4,3,2,4,1,1
5ae32e1946749a613db03acd,B,D2,false,48140,445674,4,3,2,4,1,1
5ae32e1946749a613db03acd,B,Q18,true,25456,445674,4,3,2,4,1,1
5ae32e1946749a613db03acd,B,Q14,true,19739,445674,4,3,2,4,1,1
5ae32e1946749a613db03acd,B,Q16,true,16643,445674,4,3,2,4,1,1
5ae32e1946749a613db03acd,B,Q4,true,27773,445674,4,3,2,4,1,1
5ae32e1946749a613db03acd,B,Q2,true,20971,445674,4,3,2,4,1,1
5ae32e1946749a613db03acd,B,Q15,true,14504,445674,4,3,2,4,1,1
5ae32e1946749a613db03acd,B,Q11,true,25326,445674,4,3,2,4,1,1
5ae32e1946749a613db03acd,B,Q8,true,22922,445674,4,3,2,4,1,1
5ae32e1946749a613db03acd,B,Q3,false,1673,445674,4,3,2,4,1,1
5ae32e1946749a613db03acd,B,Q5,true,20891,445674,4,3,2,4,1,1
5ae32e1946749a613db03acd,B,Q17,true,17306,445674,4,3,2,4,1,1
5ae32e1946749a613db03acd,B,Q12,false,24329,445674,4,3,2,4,1,1
5ae32e1946749a613db03acd,B,Q13,false,3153,445674,4,3,2,4,1,1
5ae32e1946749a613db03acd,B,Q9,false,879,445674,4,3,2,4,1,1
5ae32e1946749a613db03acd,B,Q10,false,1831,445674,4,3,2,4,1,1
5ae32e1946749a613db03acd,B,Q7,false,302,445674,4,3,2,4,1,1
5ae32e1946749a613db03acd,B,Q6,false,231,445674,4,3,2,4,1,1
5ae32e1946749a613db03acd,B,Q1,false,206,445674,4,3,2,4,1,1
5ae3441346749a613db03ace,A,D1,true,25769,506960,4,2,2,4,2,3
5ae3441346749a613db03ace,A,D2,true,17033,506960,4,2,2,4,2,3
5ae3441346749a613db03ace,A,Q1,false,17148,506960,4,2,2,4,2,3
5ae3441346749a613db03ace,A,Q11,true,20831,506960,4,2,2,4,2,3
5ae3441346749a613db03ace,A,Q5,true,23728,506960,4,2,2,4,2,3
5ae3441346749a613db03ace,A,Q17,true,18529,506960,4,2,2,4,2,3
5ae3441346749a613db03ace,A,Q2,true,22678,506960,4,2,2,4,2,3
5ae3441346749a613db03ace,A,Q16,true,15604,506960,4,2,2,4,2,3
5ae3441346749a613db03ace,A,Q18,true,12834,506960,4,2,2,4,2,3
5ae3441346749a613db03ace,A,Q15,true,23301,506960,4,2,2,4,2,3
5ae3441346749a613db03ace,A,Q14,true,25265,506960,4,2,2,4,2,3
5ae3441346749a613db03ace,A,Q6,true,18985,506960,4,2,2,4,2,3
5ae3441346749a613db03ace,A,Q3,false,14435,506960,4,2,2,4,2,3
5ae3441346749a613db03ace,A,Q8,true,40486,506960,4,2,2,4,2,3
5ae3441346749a613db03ace,A,Q9,false,19085,506960,4,2,2,4,2,3
5ae3441346749a613db03ace,A,Q12,false,26075,506960,4,2,2,4,2,3
5ae3441346749a613db03ace,A,Q7,true,10353,506960,4,2,2,4,2,3
5ae3441346749a613db03ace,A,Q13,false,9021,506960,4,2,2,4,2,3
5ae3441346749a613db03ace,A,Q4,true,15981,506960,4,2,2,4,2,3
5ae3441346749a613db03ace,A,Q10,false,13046,506960,4,2,2,4,2,3
5ae37ec646749a613db03acf,B,D1,true,21400,789474,3,3,3,2,4,3
5ae37ec646749a613db03acf,B,D2,true,23545,789474,3,3,3,2,4,3
5ae37ec646749a613db03acf,B,Q7,true,20473,789474,3,3,3,2,4,3
5ae37ec646749a613db03acf,B,Q13,false,54251,789474,3,3,3,2,4,3
5ae37ec646749a613db03acf,B,Q1,false,25529,789474,3,3,3,2,4,3
5ae37ec646749a613db03acf,B,Q9,true,36455,789474,3,3,3,2,4,3
5ae37ec646749a613db03acf,B,Q8,true,31642,789474,3,3,3,2,4,3
5ae37ec646749a613db03acf,B,Q14,true,24112,789474,3,3,3,2,4,3
5ae37ec646749a613db03acf,B,Q12,false,44561,789474,3,3,3,2,4,3
5ae37ec646749a613db03acf,B,Q3,true,37816,789474,3,3,3,2,4,3
5ae37ec646749a613db03acf,B,Q11,true,33362,789474,3,3,3,2,4,3
5ae37ec646749a613db03acf,B,Q4,true,14143,789474,3,3,3,2,4,3
5ae37ec646749a613db03acf,B,Q10,true,33883,789474,3,3,3,2,4,3
5ae37ec646749a613db03acf,B,Q15,true,21520,789474,3,3,3,2,4,3
5ae37ec646749a613db03acf,B,Q16,true,24080,789474,3,3,3,2,4,3
5ae37ec646749a613db03acf,B,Q17,true,21425,789474,3,3,3,2,4,3
5ae37ec646749a613db03acf,B,Q5,true,33646,789474,3,3,3,2,4,3
5ae37ec646749a613db03acf,B,Q2,true,15261,789474,3,3,3,2,4,3
5ae37ec646749a613db03acf,B,Q6,true,17517,789474,3,3,3,2,4,3
5ae37ec646749a613db03acf,B,Q18,true,19841,789474,3,3,3,2,4,3
5ae7116f46749a613db03ad0,A,D1,true,27369,603312,4,4,1,4,1,4
5ae7116f46749a613db03ad0,A,D2,true,15808,603312,4,4,1,4,1,4
5ae7116f46749a613db03ad0,A,Q15,true,24527,603312,4,4,1,4,1,4
5ae7116f46749a613db03ad0,A,Q2,true,23351,603312,4,4,1,4,1,4
5ae7116f46749a613db03ad0,A,Q11,true,13176,603312,4,4,1,4,1,4
5ae7116f46749a613db03ad0,A,Q18,true,13071,603312,4,4,1,4,1,4
5ae7116f46749a613db03ad0,A,Q12,false,12182,603312,4,4,1,4,1,4
5ae7116f46749a613db03ad0,A,Q5,true,115152,603312,4,4,1,4,1,4
5ae7116f46749a613db03ad0,A,Q1,false,8247,603312,4,4,1,4,1,4
5ae7116f46749a613db03ad0,A,Q8,true,22327,603312,4,4,1,4,1,4
5ae7116f46749a613db03ad0,A,Q3,false,8576,603312,4,4,1,4,1,4
5ae7116f46749a613db03ad0,A,Q4,true,6880,603312,4,4,1,4,1,4
5ae7116f46749a613db03ad0,A,Q17,true,15798,603312,4,4,1,4,1,4
5ae7116f46749a613db03ad0,A,Q7,true,6351,603312,4,4,1,4,1,4
5ae7116f46749a613db03ad0,A,Q13,false,9570,603312,4,4,1,4,1,4
5ae7116f46749a613db03ad0,A,Q9,false,9262,603312,4,4,1,4,1,4
5ae7116f46749a613db03ad0,A,Q10,false,9648,603312,4,4,1,4,1,4
5ae7116f46749a613db03ad0,A,Q16,true,13047,603312,4,4,1,4,1,4
5ae7116f46749a613db03ad0,A,Q6,false,11468,603312,4,4,1,4,1,4
5ae7116f46749a613db03ad0,A,Q14,true,10313,603312,4,4,1,4,1,4
5ae73dd646749a613db03ad1,B,D1,true,22771,443747,3,2,2,4,2,2
5ae73dd646749a613db03ad1,B,D2,true,16646,443747,3,2,2,4,2,2
5ae73dd646749a613db03ad1,B,Q9,false,27274,443747,3,2,2,4,2,2
5ae73dd646749a613db03ad1,B,Q3,false,12815,443747,3,2,2,4,2,2
5ae73dd646749a613db03ad1,B,Q17,false,23113,443747,3,2,2,4,2,2
5ae73dd646749a613db03ad1,B,Q2,true,9939,443747,3,2,2,4,2,2
5ae73dd646749a613db03ad1,B,Q16,false,13860,443747,3,2,2,4,2,2
5ae73dd646749a613db03ad1,B,Q14,true,21899,443747,3,2,2,4,2,2
5ae73dd646749a613db03ad1,B,Q7,true,14027,443747,3,2,2,4,2,2
5ae73dd646749a613db03ad1,B,Q15,true,21442,443747,3,2,2,4,2,2
5ae73dd646749a613db03ad1,B,Q5,true,13596,443747,3,2,2,4,2,2
5ae73dd646749a613db03ad1,B,Q6,true,16687,443747,3,2,2,4,2,2
5ae73dd646749a613db03ad1,B,Q18,true,15734,443747,3,2,2,4,2,2
5ae73dd646749a613db03ad1,B,Q12,false,11824,443747,3,2,2,4,2,2
5ae73dd646749a613db03ad1,B,Q11,true,13667,443747,3,2,2,4,2,2
5ae73dd646749a613db03ad1,B,Q10,false,15859,443747,3,2,2,4,2,2
5ae73dd646749a613db03ad1,B,Q13,false,16072,443747,3,2,2,4,2,2
5ae73dd646749a613db03ad1,B,Q1,false,12116,443747,3,2,2,4,2,2
5ae73dd646749a613db03ad1,B,Q8,false,13016,443747,3,2,2,4,2,2
5ae73dd646749a613db03ad1,B,Q4,false,21424,443747,3,2,2,4,2,2
5ae73f3a46749a613db03ad2,A,D1,false,13770,136012,3,2,2,3,1,2
5ae73f3a46749a613db03ad2,A,D2,false,31030,136012,3,2,2,3,1,2
5ae73f3a46749a613db03ad2,A,Q7,false,6904,136012,3,2,2,3,1,2
5ae73f3a46749a613db03ad2,A,Q11,false,1313,136012,3,2,2,3,1,2
5ae73f3a46749a613db03ad2,A,Q1,false,1360,136012,3,2,2,3,1,2
5ae73f3a46749a613db03ad2,A,Q8,false,1295,136012,3,2,2,3,1,2
5ae73f3a46749a613db03ad2,A,Q9,true,1954,136012,3,2,2,3,1,2
5ae73f3a46749a613db03ad2,A,Q5,false,990,136012,3,2,2,3,1,2
5ae73f3a46749a613db03ad2,A,Q3,true,1256,136012,3,2,2,3,1,2
5ae73f3a46749a613db03ad2,A,Q18,false,2680,136012,3,2,2,3,1,2
5ae73f3a46749a613db03ad2,A,Q12,true,1648,136012,3,2,2,3,1,2
5ae73f3a46749a613db03ad2,A,Q17,false,1024,136012,3,2,2,3,1,2
5ae73f3a46749a613db03ad2,A,Q10,false,1280,136012,3,2,2,3,1,2
5ae73f3a46749a613db03ad2,A,Q15,false,1336,136012,3,2,2,3,1,2
5ae73f3a46749a613db03ad2,A,Q4,false,1391,136012,3,2,2,3,1,2
5ae73f3a46749a613db03ad2,A,Q6,true,1088,136012,3,2,2,3,1,2
5ae73f3a46749a613db03ad2,A,Q2,false,1679,136012,3,2,2,3,1,2
5ae73f3a46749a613db03ad2,A,Q14,true,2499,136012,3,2,2,3,1,2
5ae73f3a46749a613db03ad2,A,Q16,false,1551,136012,3,2,2,3,1,2
5ae73f3a46749a613db03ad2,A,Q13,true,2250,136012,3,2,2,3,1,2
5ae7405e46749a613db03ad3,A,D1,true,29786,296798,3,2,1,1,3,1
5ae7405e46749a613db03ad3,A,D2,true,14230,296798,3,2,1,1,3,1
5ae7405e46749a613db03ad3,A,Q2,true,16880,296798,3,2,1,1,3,1
5ae7405e46749a613db03ad3,A,Q18,false,18432,296798,3,2,1,1,3,1
5ae7405e46749a613db03ad3,A,Q15,true,19976,296798,3,2,1,1,3,1
5ae7405e46749a613db03ad3,A,Q5,true,14664,296798,3,2,1,1,3,1
5ae7405e46749a613db03ad3,A,Q9,false,16896,296798,3,2,1,1,3,1
5ae7405e46749a613db03ad3,A,Q12,false,23082,296798,3,2,1,1,3,1
5ae7405e46749a613db03ad3,A,Q1,true,2156,296798,3,2,1,1,3,1
5ae7405e46749a613db03ad3,A,Q10,true,998,296798,3,2,1,1,3,1
5ae7405e46749a613db03ad3,A,Q14,false,1236,296798,3,2,1,1,3,1
5ae7405e46749a613db03ad3,A,Q11,false,888,296798,3,2,1,1,3,1
5ae7405e46749a613db03ad3,A,Q3,true,1502,296798,3,2,1,1,3,1
5ae7405e46749a613db03ad3,A,Q8,false,962,296798,3,2,1,1,3,1
5ae7405e46749a613db03ad3,A,Q6,true,2688,296798,3,2,1,1,3,1
5ae7405e46749a613db03ad3,A,Q7,false,992,296798,3,2,1,1,3,1
5ae7405e46749a613db03ad3,A,Q4,false,1224,296798,3,2,1,1,3,1
5ae7405e46749a613db03ad3,A,Q13,true,1102,296798,3,2,1,1,3,1
5ae7405e46749a613db03ad3,A,Q16,false,1468,296798,3,2,1,1,3,1
5ae7405e46749a613db03ad3,A,Q17,false,1278,296798,3,2,1,1,3,1
5ae741d046749a613db03ad4,B,D1,true,25868,564966,1,1,1,1,1,1
5ae741d046749a613db03ad4,B,D2,true,19489,564966,1,1,1,1,1,1
5ae741d046749a613db03ad4,B,Q4,true,15134,564966,1,1,1,1,1,1
5ae741d046749a613db03ad4,B,Q18,true,19447,564966,1,1,1,1,1,1
5ae741d046749a613db03ad4,B,Q6,true,39881,564966,1,1,1,1,1,1
5ae741d046749a613db03ad4,B,Q11,false,42080,564966,1,1,1,1,1,1
5ae741d046749a613db03ad4,B,Q10,false,24600,564966,1,1,1,1,1,1
5ae741d046749a613db03ad4,B,Q7,true,11957,564966,1,1,1,1,1,1
5ae741d046749a613db03ad4,B,Q1,false,29486,564966,1,1,1,1,1,1
5ae741d046749a613db03ad4,B,Q12,false,11223,564966,1,1,1,1,1,1
5ae741d046749a613db03ad4,B,Q16,true,13746,564966,1,1,1,1,1,1
5ae741d046749a613db03ad4,B,Q17,false,2572,564966,1,1,1,1,1,1
5ae741d046749a613db03ad4,B,Q13,false,17261,564966,1,1,1,1,1,1
5ae741d046749a613db03ad4,B,Q9,false,18117,564966,1,1,1,1,1,1
5ae741d046749a613db03ad4,B,Q2,true,10375,564966,1,1,1,1,1,1
5ae741d046749a613db03ad4,B,Q15,true,22425,564966,1,1,1,1,1,1
5ae741d046749a613db03ad4,B,Q5,true,11707,564966,1,1,1,1,1,1
5ae741d046749a613db03ad4,B,Q14,true,15114,564966,1,1,1,1,1,1
5ae741d046749a613db03ad4,B,Q8,true,15930,564966,1,1,1,1,1,1
5ae741d046749a613db03ad4,B,Q3,false,17750,564966,1,1,1,1,1,1
5ae749b346749a613db03ad5,B,D1,true,110464,1087779,3,2,1,4,1,2
5ae749b346749a613db03ad5,B,D2,false,65475,1087779,3,2,1,4,1,2
5ae749b346749a613db03ad5,B,Q10,false,34604,1087779,3,2,1,4,1,2
5ae749b346749a613db03ad5,B,Q11,true,24859,1087779,3,2,1,4,1,2
5ae749b346749a613db03ad5,B,Q2,true,58465,1087779,3,2,1,4,1,2
5ae749b346749a613db03ad5,B,Q12,false,52524,1087779,3,2,1,4,1,2
5ae749b346749a613db03ad5,B,Q18,true,22783,1087779,3,2,1,4,1,2
5ae749b346749a613db03ad5,B,Q14,true,34538,1087779,3,2,1,4,1,2
5ae749b346749a613db03ad5,B,Q9,false,20326,1087779,3,2,1,4,1,2
5ae749b346749a613db03ad5,B,Q13,false,18372,1087779,3,2,1,4,1,2
5ae749b346749a613db03ad5,B,Q16,true,24052,1087779,3,2,1,4,1,2
5ae749b346749a613db03ad5,B,Q3,false,28628,1087779,3,2,1,4,1,2
5ae749b346749a613db03ad5,B,Q17,true,14486,1087779,3,2,1,4,1,2
5ae749b346749a613db03ad5,B,Q7,true,11756,1087779,3,2,1,4,1,2
5ae749b346749a613db03ad5,B,Q8,true,24851,1087779,3,2,1,4,1,2
5ae749b346749a613db03ad5,B,Q4,true,27230,1087779,3,2,1,4,1,2
5ae749b346749a613db03ad5,B,Q5,true,8605,1087779,3,2,1,4,1,2
5ae749b346749a613db03ad5,B,Q6,true,8075,1087779,3,2,1,4,1,2
5ae749b346749a613db03ad5,B,Q1,false,8621,1087779,3,2,1,4,1,2
5ae749b346749a613db03ad5,B,Q15,true,18853,1087779,3,2,1,4,1,2
5ae749db46749a613db03ad6,B,D1,true,14346,796644,2,2,1,1,1,1
5ae749db46749a613db03ad6,B,D2,false,12800,796644,2,2,1,1,1,1
5ae749db46749a613db03ad6,B,Q17,false,16242,796644,2,2,1,1,1,1
5ae749db46749a613db03ad6,B,Q14,true,18878,796644,2,2,1,1,1,1
5ae749db46749a613db03ad6,B,Q15,true,33850,796644,2,2,1,1,1,1
5ae749db46749a613db03ad6,B,Q18,true,45832,796644,2,2,1,1,1,1
5ae749db46749a613db03ad6,B,Q9,false,28264,796644,2,2,1,1,1,1
5ae749db46749a613db03ad6,B,Q6,true,39292,796644,2,2,1,1,1,1
5ae749db46749a613db03ad6,B,Q7,false,37442,796644,2,2,1,1,1,1
5ae749db46749a613db03ad6,B,Q2,true,19216,796644,2,2,1,1,1,1
5ae749db46749a613db03ad6,B,Q3,true,32384,796644,2,2,1,1,1,1
5ae749db46749a613db03ad6,B,Q16,false,26906,796644,2,2,1,1,1,1
5ae749db46749a613db03ad6,B,Q4,true,33514,796644,2,2,1,1,1,1
5ae749db46749a613db03ad6,B,Q5,false,33352,796644,2,2,1,1,1,1
5ae749db46749a613db03ad6,B,Q12,false,64434,796644,2,2,1,1,1,1
5ae749db46749a613db03ad6,B,Q1,false,25210,796644,2,2,1,1,1,1
5ae749db46749a613db03ad6,B,Q11,true,18574,796644,2,2,1,1,1,1
5ae749db46749a613db03ad6,B,Q10,true,33776,796644,2,2,1,1,1,1
5ae749db46749a613db03ad6,B,Q8,true,30526,796644,2,2,1,1,1,1
5ae749db46749a613db03ad6,B,Q13,true,13166,796644,2,2,1,1,1,1
5ae74d1e46749a613db03ad7,A,D1,true,16093,539864,4,3,2,4,2,3
5ae74d1e46749a613db03ad7,A,D2,true,44711,539864,4,3,2,4,2,3
5ae74d1e46749a613db03ad7,A,Q15,true,19588,539864,4,3,2,4,2,3
5ae74d1e46749a613db03ad7,A,Q9,false,26351,539864,4,3,2,4,2,3
5ae74d1e46749a613db03ad7,A,Q2,true,11146,539864,4,3,2,4,2,3
5ae74d1e46749a613db03ad7,A,Q11,true,20938,539864,4,3,2,4,2,3
5ae74d1e46749a613db03ad7,A,Q7,true,33952,539864,4,3,2,4,2,3
5ae74d1e46749a613db03ad7,A,Q8,true,41698,539864,4,3,2,4,2,3
5ae74d1e46749a613db03ad7,A,Q6,true,14992,539864,4,3,2,4,2,3
5ae74d1e46749a613db03ad7,A,Q10,false,12913,539864,4,3,2,4,2,3
5ae74d1e46749a613db03ad7,A,Q16,true,17898,539864,4,3,2,4,2,3
5ae74d1e46749a613db03ad7,A,Q13,false,7541,539864,4,3,2,4,2,3
5ae74d1e46749a613db03ad7,A,Q1,false,9563,539864,4,3,2,4,2,3
5ae74d1e46749a613db03ad7,A,Q14,true,14261,539864,4,3,2,4,2,3
5ae74d1e46749a613db03ad7,A,Q18,true,8911,539864,4,3,2,4,2,3
5ae74d1e46749a613db03ad7,A,Q3,false,6086,539864,4,3,2,4,2,3
5ae74d1e46749a613db03ad7,A,Q12,false,7851,539864,4,3,2,4,2,3
5ae74d1e46749a613db03ad7,A,Q17,true,7065,539864,4,3,2,4,2,3
5ae74d1e46749a613db03ad7,A,Q4,true,15877,539864,4,3,2,4,2,3
5ae74d1e46749a613db03ad7,A,Q5,true,9198,539864,4,3,2,4,2,3
5ae7501646749a613db03ad8,A,D1,true,16962,1392540,3,2,1,2,4,1
5ae7501646749a613db03ad8,A,D2,true,44416,1392540,3,2,1,2,4,1
5ae7501646749a613db03ad8,A,Q13,false,24346,1392540,3,2,1,2,4,1
5ae7501646749a613db03ad8,A,Q12,false,30510,1392540,3,2,1,2,4,1
5ae7501646749a613db03ad8,A,Q15,true,31954,1392540,3,2,1,2,4,1
5ae7501646749a613db03ad8,A,Q7,true,16112,1392540,3,2,1,2,4,1
5ae7501646749a613db03ad8,A,Q10,false,13766,1392540,3,2,1,2,4,1
5ae7501646749a613db03ad8,A,Q14,true,30246,1392540,3,2,1,2,4,1
5ae7501646749a613db03ad8,A,Q5,false,30132,1392540,3,2,1,2,4,1
5ae7501646749a613db03ad8,A,Q18,true,46574,1392540,3,2,1,2,4,1
5ae7501646749a613db03ad8,A,Q6,true,29266,1392540,3,2,1,2,4,1
5ae7501646749a613db03ad8,A,Q2,true,25614,1392540,3,2,1,2,4,1
5ae7501646749a613db03ad8,A,Q11,true,11200,1392540,3,2,1,2,4,1
5ae7501646749a613db03ad8,A,Q17,true,14070,1392540,3,2,1,2,4,1
5ae7501646749a613db03ad8,A,Q16,true,24530,1392540,3,2,1,2,4,1
5ae7501646749a613db03ad8,A,Q1,false,15332,1392540,3,2,1,2,4,1
5ae7501646749a613db03ad8,A,Q9,false,17098,1392540,3,2,1,2,4,1
5ae7501646749a613db03ad8,A,Q4,false,14926,1392540,3,2,1,2,4,1
5ae7501646749a613db03ad8,A,Q8,false,19216,1392540,3,2,1,2,4,1
5ae7501646749a613db03ad8,A,Q3,false,7734,1392540,3,2,1,2,4,1
5ae7560f46749a613db03ad9,A,D1,false,19996,2681208,2,1,1,1,2,1
5ae7560f46749a613db03ad9,A,D2,true,59429,2681208,2,1,1,1,2,1
5ae7560f46749a613db03ad9,A,Q6,false,28347,2681208,2,1,1,1,2,1
5ae7560f46749a613db03ad9,A,Q15,true,40054,2681208,2,1,1,1,2,1
5ae7560f46749a613db03ad9,A,Q10,false,68817,2681208,2,1,1,1,2,1
5ae7560f46749a613db03ad9,A,Q14,false,114697,2681208,2,1,1,1,2,1
5ae7560f46749a613db03ad9,A,Q16,true,71598,2681208,2,1,1,1,2,1
5ae7560f46749a613db03ad9,A,Q9,false,41730,2681208,2,1,1,1,2,1
5ae7560f46749a613db03ad9,A,Q4,true,77761,2681208,2,1,1,1,2,1
5ae7560f46749a613db03ad9,A,Q18,true,78412,2681208,2,1,1,1,2,1
5ae7560f46749a613db03ad9,A,Q2,false,50306,2681208,2,1,1,1,2,1
5ae7560f46749a613db03ad9,A,Q11,true,32695,2681208,2,1,1,1,2,1
5ae7560f46749a613db03ad9,A,Q17,true,100973,2681208,2,1,1,1,2,1
5ae7560f46749a613db03ad9,A,Q3,false,23454,2681208,2,1,1,1,2,1
5ae7560f46749a613db03ad9,A,Q12,false,26929,2681208,2,1,1,1,2,1
5ae7560f46749a613db03ad9,A,Q13,false,24569,2681208,2,1,1,1,2,1
5ae7560f46749a613db03ad9,A,Q5,true,79016,2681208,2,1,1,1,2,1
5ae7560f46749a613db03ad9,A,Q1,false,43789,2681208,2,1,1,1,2,1
5ae7560f46749a613db03ad9,A,Q7,true,50046,2681208,2,1,1,1,2,1
5ae7560f46749a613db03ad9,A,Q8,true,34427,2681208,2,1,1,1,2,1
5ae7606746749a613db03ada,B,D1,true,19955,691968,3,2,3,2,1,4
5ae7606746749a613db03ada,B,D2,true,17564,691968,3,2,3,2,1,4
5ae7606746749a613db03ada,B,Q17,true,28087,691968,3,2,3,2,1,4
5ae7606746749a613db03ada,B,Q18,true,14946,691968,3,2,3,2,1,4
5ae7606746749a613db03ada,B,Q13,false,45696,691968,3,2,3,2,1,4
5ae7606746749a613db03ada,B,Q5,true,11782,691968,3,2,3,2,1,4
5ae7606746749a613db03ada,B,Q2,true,28168,691968,3,2,3,2,1,4
5ae7606746749a613db03ada,B,Q7,true,13374,691968,3,2,3,2,1,4
5ae7606746749a613db03ada,B,Q4,true,13880,691968,3,2,3,2,1,4
5ae7606746749a613db03ada,B,Q6,true,10634,691968,3,2,3,2,1,4
5ae7606746749a613db03ada,B,Q15,true,16432,691968,3,2,3,2,1,4
5ae7606746749a613db03ada,B,Q12,true,35295,691968,3,2,3,2,1,4
5ae7606746749a613db03ada,B,Q3,true,22520,691968,3,2,3,2,1,4
5ae7606746749a613db03ada,B,Q9,true,14609,691968,3,2,3,2,1,4
5ae7606746749a613db03ada,B,Q1,true,15836,691968,3,2,3,2,1,4
5ae7606746749a613db03ada,B,Q16,true,14395,691968,3,2,3,2,1,4
5ae7606746749a613db03ada,B,Q11,true,23340,691968,3,2,3,2,1,4
5ae7606746749a613db03ada,B,Q14,true,28744,691968,3,2,3,2,1,4
5ae7606746749a613db03ada,B,Q8,true,11663,691968,3,2,3,2,1,4
5ae7606746749a613db03ada,B,Q10,true,47665,691968,3,2,3,2,1,4
5ae7611646749a613db03adb,B,D1,true,33188,761056,3,3,3,4,4,4
5ae7611646749a613db03adb,B,D2,true,23020,761056,3,3,3,4,4,4
5ae7611646749a613db03adb,B,Q7,true,32745,761056,3,3,3,4,4,4
5ae7611646749a613db03adb,B,Q11,true,28301,761056,3,3,3,4,4,4
5ae7611646749a613db03adb,B,Q16,true,18645,761056,3,3,3,4,4,4
5ae7611646749a613db03adb,B,Q15,true,45786,761056,3,3,3,4,4,4
5ae7611646749a613db03adb,B,Q4,true,30943,761056,3,3,3,4,4,4
5ae7611646749a613db03adb,B,Q5,true,27141,761056,3,3,3,4,4,4
5ae7611646749a613db03adb,B,Q13,false,14205,761056,3,3,3,4,4,4
5ae7611646749a613db03adb,B,Q18,true,10566,761056,3,3,3,4,4,4
5ae7611646749a613db03adb,B,Q1,false,18198,761056,3,3,3,4,4,4
5ae7611646749a613db03adb,B,Q8,true,18355,761056,3,3,3,4,4,4
5ae7611646749a613db03adb,B,Q6,true,14745,761056,3,3,3,4,4,4
5ae7611646749a613db03adb,B,Q9,false,18852,761056,3,3,3,4,4,4
5ae7611646749a613db03adb,B,Q3,false,14982,761056,3,3,3,4,4,4
5ae7611646749a613db03adb,B,Q12,false,12466,761056,3,3,3,4,4,4
5ae7611646749a613db03adb,B,Q10,false,2023,761056,3,3,3,4,4,4
5ae7611646749a613db03adb,B,Q2,true,17807,761056,3,3,3,4,4,4
5ae7611646749a613db03adb,B,Q14,true,23984,761056,3,3,3,4,4,4
5ae7611646749a613db03adb,B,Q17,true,12711,761056,3,3,3,4,4,4
5ae76eda46749a613db03adc,A,D1,true,41992,1123425,3,2,1,3,1,1
5ae76eda46749a613db03adc,A,D2,false,40126,1123425,3,2,1,3,1,1
5ae76eda46749a613db03adc,A,Q11,true,49483,1123425,3,2,1,3,1,1
5ae76eda46749a613db03adc,A,Q17,false,54802,1123425,3,2,1,3,1,1
5ae76eda46749a613db03adc,A,Q8,false,75863,1123425,3,2,1,3,1,1
5ae76eda46749a613db03adc,A,Q9,false,39735,1123425,3,2,1,3,1,1
5ae76eda46749a613db03adc,A,Q5,false,56981,1123425,3,2,1,3,1,1
5ae76eda46749a613db03adc,A,Q2,true,15533,1123425,3,2,1,3,1,1
5ae76eda46749a613db03adc,A,Q6,true,49461,1123425,3,2,1,3,1,1
5ae76eda46749a613db03adc,A,Q18,false,56892,1123425,3,2,1,3,1,1
5ae76eda46749a613db03adc,A,Q7,false,24098,1123425,3,2,1,3,1,1
5ae76eda46749a613db03adc,A,Q16,false,43668,1123425,3,2,1,3,1,1
5ae76eda46749a613db03adc,A,Q14,false,29899,1123425,3,2,1,3,1,1
5ae76eda46749a613db03adc,A,Q12,false,54076,1123425,3,2,1,3,1,1
5ae76eda46749a613db03adc,A,Q15,false,29448,1123425,3,2,1,3,1,1
5ae76eda46749a613db03adc,A,Q4,false,34607,1123425,3,2,1,3,1,1
5ae76eda46749a613db03adc,A,Q13,true,20818,1123425,3,2,1,3,1,1
5ae76eda46749a613db03adc,A,Q1,true,22582,1123425,3,2,1,3,1,1
5ae76eda46749a613db03adc,A,Q10,true,24324,1123425,3,2,1,3,1,1
5ae76eda46749a613db03adc,A,Q3,true,82962,1123425,3,2,1,3,1,1
5ae787bf46749a613db03add,A,D1,true,27924,8153300,3,2,2,3,1,2
5ae787bf46749a613db03add,A,D2,false,11835,8153300,3,2,2,3,1,2
5ae787bf46749a613db03add,A,Q13,false,31309,8153300,3,2,2,3,1,2
5ae787bf46749a613db03add,A,Q2,true,13449,8153300,3,2,2,3,1,2
5ae787bf46749a613db03add,A,Q12,false,26779,8153300,3,2,2,3,1,2
5ae787bf46749a613db03add,A,Q5,true,13045,8153300,3,2,2,3,1,2
5ae787bf46749a613db03add,A,Q15,true,20724,8153300,3,2,2,3,1,2
5ae787bf46749a613db03add,A,Q10,false,18642,8153300,3,2,2,3,1,2
5ae787bf46749a613db03add,A,Q18,false,10753,8153300,3,2,2,3,1,2
5ae787bf46749a613db03add,A,Q3,false,12583,8153300,3,2,2,3,1,2
5ae787bf46749a613db03add,A,Q11,true,20753,8153300,3,2,2,3,1,2
5ae787bf46749a613db03add,A,Q4,false,45355,8153300,3,2,2,3,1,2
5ae787bf46749a613db03add,A,Q6,true,10759,8153300,3,2,2,3,1,2
5ae787bf46749a613db03add,A,Q14,true,13660,8153300,3,2,2,3,1,2
5ae787bf46749a613db03add,A,Q1,false,13687,8153300,3,2,2,3,1,2
5ae787bf46749a613db03add,A,Q8,false,35267,8153300,3,2,2,3,1,2
5ae787bf46749a613db03add,A,Q7,true,13466,8153300,3,2,2,3,1,2
5ae787bf46749a613db03add,A,Q16,true,10051,8153300,3,2,2,3,1,2
5ae787bf46749a613db03add,A,Q9,false,10394,8153300,3,2,2,3,1,2
5ae787bf46749a613db03add,A,Q17,false,24947,8153300,3,2,2,3,1,2
5ae7bf8146749a613db03ade,B,D1,false,21337,1037295,2,1,3,1,2,1
5ae7bf8146749a613db03ade,B,D2,false,25142,1037295,2,1,3,1,2,1
5ae7bf8146749a613db03ade,B,Q11,true,17407,1037295,2,1,3,1,2,1
5ae7bf8146749a613db03ade,B,Q4,false,56618,1037295,2,1,3,1,2,1
5ae7bf8146749a613db03ade,B,Q8,false,25906,1037295,2,1,3,1,2,1
5ae7bf8146749a613db03ade,B,Q7,false,31,1037295,2,1,3,1,2,1
5ae7bf8146749a613db03ade,B,Q3,false,73017,1037295,2,1,3,1,2,1
5ae7bf8146749a613db03ade,B,Q2,true,34902,1037295,2,1,3,1,2,1
5ae7bf8146749a613db03ade,B,Q1,false,22259,1037295,2,1,3,1,2,1
5ae7bf8146749a613db03ade,B,Q16,true,66156,1037295,2,1,3,1,2,1
5ae7bf8146749a613db03ade,B,Q17,false,60341,1037295,2,1,3,1,2,1
5ae7bf8146749a613db03ade,B,Q14,false,20066,1037295,2,1,3,1,2,1
5ae7bf8146749a613db03ade,B,Q5,false,354,1037295,2,1,3,1,2,1
5ae7bf8146749a613db03ade,B,Q6,true,13565,1037295,2,1,3,1,2,1
5ae7bf8146749a613db03ade,B,Q12,false,68711,1037295,2,1,3,1,2,1
5ae7bf8146749a613db03ade,B,Q15,true,41525,1037295,2,1,3,1,2,1
5ae7bf8146749a613db03ade,B,Q10,false,49067,1037295,2,1,3,1,2,1
5ae7bf8146749a613db03ade,B,Q9,false,79088,1037295,2,1,3,1,2,1
5ae7bf8146749a613db03ade,B,Q13,false,34046,1037295,2,1,3,1,2,1
5ae7bf8146749a613db03ade,B,Q18,false,40355,1037295,2,1,3,1,2,1
5ae8184a46749a613db03adf,B,D1,true,12510,586891,5,5,5,3,2,4
5ae8184a46749a613db03adf,B,D2,true,15807,586891,5,5,5,3,2,4
5ae8184a46749a613db03adf,B,Q13,false,9626,586891,5,5,5,3,2,4
5ae8184a46749a613db03adf,B,Q12,false,11216,586891,5,5,5,3,2,4
5ae8184a46749a613db03adf,B,Q4,true,29287,586891,5,5,5,3,2,4
5ae8184a46749a613db03adf,B,Q6,true,21682,586891,5,5,5,3,2,4
5ae8184a46749a613db03adf,B,Q10,true,13835,586891,5,5,5,3,2,4
5ae8184a46749a613db03adf,B,Q8,true,51269,586891,5,5,5,3,2,4
5ae8184a46749a613db03adf,B,Q5,true,19922,586891,5,5,5,3,2,4
5ae8184a46749a613db03adf,B,Q3,false,15069,586891,5,5,5,3,2,4
5ae8184a46749a613db03adf,B,Q16,true,13501,586891,5,5,5,3,2,4
5ae8184a46749a613db03adf,B,Q18,true,20971,586891,5,5,5,3,2,4
5ae8184a46749a613db03adf,B,Q15,true,15734,586891,5,5,5,3,2,4
5ae8184a46749a613db03adf,B,Q9,true,19335,586891,5,5,5,3,2,4
5ae8184a46749a613db03adf,B,Q14,true,13810,586891,5,5,5,3,2,4
5ae8184a46749a613db03adf,B,Q7,true,15419,586891,5,5,5,3,2,4
5ae8184a46749a613db03adf,B,Q1,false,7602,586891,5,5,5,3,2,4
5ae8184a46749a613db03adf,B,Q2,true,12787,586891,5,5,5,3,2,4
5ae8184a46749a613db03adf,B,Q17,true,15487,586891,5,5,5,3,2,4
5ae8184a46749a613db03adf,B,Q11,true,12427,586891,5,5,5,3,2,4
5ae81ec846749a613db03ae0,A,D1,true,60538,1273857,4,5,1,5,3,4
5ae81ec846749a613db03ae0,A,D2,false,44609,1273857,4,5,1,5,3,4
5ae81ec846749a613db03ae0,A,Q17,false,60993,1273857,4,5,1,5,3,4
5ae81ec846749a613db03ae0,A,Q4,true,56061,1273857,4,5,1,5,3,4
5ae81ec846749a613db03ae0,A,Q11,true,37784,1273857,4,5,1,5,3,4
5ae81ec846749a613db03ae0,A,Q1,false,35283,1273857,4,5,1,5,3,4
5ae81ec846749a613db03ae0,A,Q5,true,30087,1273857,4,5,1,5,3,4
5ae81ec846749a613db03ae0,A,Q15,true,97828,1273857,4,5,1,5,3,4
5ae81ec846749a613db03ae0,A,Q8,true,54605,1273857,4,5,1,5,3,4
5ae81ec846749a613db03ae0,A,Q10,false,116014,1273857,4,5,1,5,3,4
5ae81ec846749a613db03ae0,A,Q6,true,13566,1273857,4,5,1,5,3,4
5ae81ec846749a613db03ae0,A,Q7,true,14124,1273857,4,5,1,5,3,4
5ae81ec846749a613db03ae0,A,Q12,false,32844,1273857,4,5,1,5,3,4
5ae81ec846749a613db03ae0,A,Q18,true,16256,1273857,4,5,1,5,3,4
5ae81ec846749a613db03ae0,A,Q14,true,13048,1273857,4,5,1,5,3,4
5ae81ec846749a613db03ae0,A,Q9,false,121550,1273857,4,5,1,5,3,4
5ae81ec846749a613db03ae0,A,Q16,true,17479,1273857,4,5,1,5,3,4
5ae81ec846749a613db03ae0,A,Q2,true,14294,1273857,4,5,1,5,3,4
5ae81ec846749a613db03ae0,A,Q13,true,31338,1273857,4,5,1,5,3,4
5ae81ec846749a613db03ae0,A,Q3,false,13233,1273857,4,5,1,5,3,4
5ae8294a46749a613db03ae1,B,D1,true,27387,653681,3,2,2,1,1,3
5ae8294a46749a613db03ae1,B,D2,true,28624,653681,3,2,2,1,1,3
5ae8294a46749a613db03ae1,B,Q12,false,31246,653681,3,2,2,1,1,3
5ae8294a46749a613db03ae1,B,Q16,true,37272,653681,3,2,2,1,1,3
5ae8294a46749a613db03ae1,B,Q17,false,21321,653681,3,2,2,1,1,3
5ae8294a46749a613db03ae1,B,Q6,true,15892,653681,3,2,2,1,1,3
5ae8294a46749a613db03ae1,B,Q8,false,39891,653681,3,2,2,1,1,3
5ae8294a46749a613db03ae1,B,Q10,true,14721,653681,3,2,2,1,1,3
5ae8294a46749a613db03ae1,B,Q5,true,16735,653681,3,2,2,1,1,3
5ae8294a46749a613db03ae1,B,Q4,true,13606,653681,3,2,2,1,1,3
5ae8294a46749a613db03ae1,B,Q7,true,30390,653681,3,2,2,1,1,3
5ae8294a46749a613db03ae1,B,Q9,false,14594,653681,3,2,2,1,1,3
5ae8294a46749a613db03ae1,B,Q1,true,12327,653681,3,2,2,1,1,3
5ae8294a46749a613db03ae1,B,Q14,true,17997,653681,3,2,2,1,1,3
5ae8294a46749a613db03ae1,B,Q11,true,14134,653681,3,2,2,1,1,3
5ae8294a46749a613db03ae1,B,Q3,true,12457,653681,3,2,2,1,1,3
5ae8294a46749a613db03ae1,B,Q2,true,10666,653681,3,2,2,1,1,3
5ae8294a46749a613db03ae1,B,Q18,false,17207,653681,3,2,2,1,1,3
5ae8294a46749a613db03ae1,B,Q15,true,13032,653681,3,2,2,1,1,3
5ae8294a46749a613db03ae1,B,Q13,false,10958,653681,3,2,2,1,1,3
5ae84f8646749a613db03ae2,A,D1,true,31338,900637,2,2,1,1,3,1
5ae84f8646749a613db03ae2,A,D2,false,28188,900637,2,2,1,1,3,1
5ae84f8646749a613db03ae2,A,Q6,true,28247,900637,2,2,1,1,3,1
5ae84f8646749a613db03ae2,A,Q7,true,38220,900637,2,2,1,1,3,1
5ae84f8646749a613db03ae2,A,Q17,false,39450,900637,2,2,1,1,3,1
5ae84f8646749a613db03ae2,A,Q10,false,56262,900637,2,2,1,1,3,1
5ae84f8646749a613db03ae2,A,Q2,true,29884,900637,2,2,1,1,3,1
5ae84f8646749a613db03ae2,A,Q14,true,41794,900637,2,2,1,1,3,1
5ae84f8646749a613db03ae2,A,Q15,true,24677,900637,2,2,1,1,3,1
5ae84f8646749a613db03ae2,A,Q9,false,30782,900637,2,2,1,1,3,1
5ae84f8646749a613db03ae2,A,Q4,false,54805,900637,2,2,1,1,3,1
5ae84f8646749a613db03ae2,A,Q13,false,19566,900637,2,2,1,1,3,1
5ae84f8646749a613db03ae2,A,Q12,false,49545,900637,2,2,1,1,3,1
5ae84f8646749a613db03ae2,A,Q8,false,40923,900637,2,2,1,1,3,1
5ae84f8646749a613db03ae2,A,Q18,true,16060,900637,2,2,1,1,3,1
5ae84f8646749a613db03ae2,A,Q11,true,39989,900637,2,2,1,1,3,1
5ae84f8646749a613db03ae2,A,Q16,true,23549,900637,2,2,1,1,3,1
5ae84f8646749a613db03ae2,A,Q3,false,16188,900637,2,2,1,1,3,1
5ae84f8646749a613db03ae2,A,Q1,false,13581,900637,2,2,1,1,3,1
5ae84f8646749a613db03ae2,A,Q5,true,21722,900637,2,2,1,1,3,1
5ae8719f46749a613db03ae3,B,D1,true,61077,591932,1,1,1,1,1,1
5ae8719f46749a613db03ae3,B,D2,false,18642,591932,1,1,1,1,1,1
5ae8719f46749a613db03ae3,B,Q2,true,28828,591932,1,1,1,1,1,1
5ae8719f46749a613db03ae3,B,Q16,false,31243,591932,1,1,1,1,1,1
5ae8719f46749a613db03ae3,B,Q8,false,46125,591932,1,1,1,1,1,1
5ae8719f46749a613db03ae3,B,Q10,true,35070,591932,1,1,1,1,1,1
5ae8719f46749a613db03ae3,B,Q15,true,32007,591932,1,1,1,1,1,1
5ae8719f46749a613db03ae3,B,Q9,false,31384,591932,1,1,1,1,1,1
5ae8719f46749a613db03ae3,B,Q3,false,16573,591932,1,1,1,1,1,1
5ae8719f46749a613db03ae3,B,Q13,false,16710,591932,1,1,1,1,1,1
5ae8719f46749a613db03ae3,B,Q4,false,20123,591932,1,1,1,1,1,1
5ae8719f46749a613db03ae3,B,Q5,false,22809,591932,1,1,1,1,1,1
5ae8719f46749a613db03ae3,B,Q11,true,11998,591932,1,1,1,1,1,1
5ae8719f46749a613db03ae3,B,Q14,true,17324,591932,1,1,1,1,1,1
5ae8719f46749a613db03ae3,B,Q7,true,8840,591932,1,1,1,1,1,1
5ae8719f46749a613db03ae3,B,Q1,false,9183,591932,1,1,1,1,1,1
5ae8719f46749a613db03ae3,B,Q12,true,26068,591932,1,1,1,1,1,1
5ae8719f46749a613db03ae3,B,Q6,false,12536,591932,1,1,1,1,1,1
5ae8719f46749a613db03ae3,B,Q17,false,13214,591932,1,1,1,1,1,1
5ae8719f46749a613db03ae3,B,Q18,false,19091,591932,1,1,1,1,1,1
5ae939e046749a613db03ae4,A,D1,false,37071,299026,4,2,2,3,1,4
5ae939e046749a613db03ae4,A,D2,true,25457,299026,4,2,2,3,1,4
5ae939e046749a613db03ae4,A,Q7,true,24780,299026,4,2,2,3,1,4
5ae939e046749a613db03ae4,A,Q2,false,11057,299026,4,2,2,3,1,4
5ae939e046749a613db03ae4,A,Q1,false,11080,299026,4,2,2,3,1,4
5ae939e046749a613db03ae4,A,Q16,true,14633,299026,4,2,2,3,1,4
5ae939e046749a613db03ae4,A,Q15,true,15642,299026,4,2,2,3,1,4
5ae939e046749a613db03ae4,A,Q10,false,13652,299026,4,2,2,3,1,4
5ae939e046749a613db03ae4,A,Q5,false,4095,299026,4,2,2,3,1,4
5ae939e046749a613db03ae4,A,Q4,false,1521,299026,4,2,2,3,1,4
5ae939e046749a613db03ae4,A,Q8,false,860,299026,4,2,2,3,1,4
5ae939e046749a613db03ae4,A,Q13,false,441,299026,4,2,2,3,1,4
5ae939e046749a613db03ae4,A,Q12,false,93,299026,4,2,2,3,1,4
5ae939e046749a613db03ae4,A,Q6,false,402,299026,4,2,2,3,1,4
5ae939e046749a613db03ae4,A,Q18,false,303,299026,4,2,2,3,1,4
5ae939e046749a613db03ae4,A,Q14,false,30,299026,4,2,2,3,1,4
5ae939e046749a613db03ae4,A,Q17,false,102,299026,4,2,2,3,1,4
5ae939e046749a613db03ae4,A,Q11,false,269,299026,4,2,2,3,1,4
5ae939e046749a613db03ae4,A,Q3,false,265,299026,4,2,2,3,1,4
5ae939e046749a613db03ae4,A,Q9,false,293,299026,4,2,2,3,1,4
5ae9463f46749a613db03ae5,B,D1,true,18630,677341,2,3,3,1,1,1
5ae9463f46749a613db03ae5,B,D2,true,27682,677341,2,3,3,1,1,1
5ae9463f46749a613db03ae5,B,Q5,true,14483,677341,2,3,3,1,1,1
5ae9463f46749a613db03ae5,B,Q14,true,16975,677341,2,3,3,1,1,1
5ae9463f46749a613db03ae5,B,Q11,true,24149,677341,2,3,3,1,1,1
5ae9463f46749a613db03ae5,B,Q1,true,101850,677341,2,3,3,1,1,1
5ae9463f46749a613db03ae5,B,Q18,true,46783,677341,2,3,3,1,1,1
5ae9463f46749a613db03ae5,B,Q9,true,36943,677341,2,3,3,1,1,1
5ae9463f46749a613db03ae5,B,Q17,true,19597,677341,2,3,3,1,1,1
5ae9463f46749a613db03ae5,B,Q4,true,18097,677341,2,3,3,1,1,1
5ae9463f46749a613db03ae5,B,Q12,true,17220,677341,2,3,3,1,1,1
5ae9463f46749a613db03ae5,B,Q7,true,8918,677341,2,3,3,1,1,1
5ae9463f46749a613db03ae5,B,Q2,true,9734,677341,2,3,3,1,1,1
5ae9463f46749a613db03ae5,B,Q8,true,11959,677341,2,3,3,1,1,1
5ae9463f46749a613db03ae5,B,Q10,true,14357,677341,2,3,3,1,1,1
5ae9463f46749a613db03ae5,B,Q15,true,17221,677341,2,3,3,1,1,1
5ae9463f46749a613db03ae5,B,Q13,true,16143,677341,2,3,3,1,1,1
5ae9463f46749a613db03ae5,B,Q3,true,11427,677341,2,3,3,1,1,1
5ae9463f46749a613db03ae5,B,Q6,true,8955,677341,2,3,3,1,1,1
5ae9463f46749a613db03ae5,B,Q16,true,11710,677341,2,3,3,1,1,1
5ae98d0c46749a613db03ae6,A,D1,true,7520,312336,1,1,1,1,1,1
5ae98d0c46749a613db03ae6,A,D2,false,18703,312336,1,1,1,1,1,1
5ae98d0c46749a613db03ae6,A,Q18,false,12870,312336,1,1,1,1,1,1
5ae98d0c46749a613db03ae6,A,Q9,false,20952,312336,1,1,1,1,1,1
5ae98d0c46749a613db03ae6,A,Q10,true,11945,312336,1,1,1,1,1,1
5ae98d0c46749a613db03ae6,A,Q3,true,9037,312336,1,1,1,1,1,1
5ae98d0c46749a613db03ae6,A,Q6,true,10905,312336,1,1,1,1,1,1
5ae98d0c46749a613db03ae6,A,Q12,false,8313,312336,1,1,1,1,1,1
5ae98d0c46749a613db03ae6,A,Q8,false,11383,312336,1,1,1,1,1,1
5ae98d0c46749a613db03ae6,A,Q16,false,15756,312336,1,1,1,1,1,1
5ae98d0c46749a613db03ae6,A,Q2,true,9210,312336,1,1,1,1,1,1
5ae98d0c46749a613db03ae6,A,Q11,true,8521,312336,1,1,1,1,1,1
5ae98d0c46749a613db03ae6,A,Q7,false,9327,312336,1,1,1,1,1,1
5ae98d0c46749a613db03ae6,A,Q14,false,19800,312336,1,1,1,1,1,1
5ae98d0c46749a613db03ae6,A,Q5,false,13830,312336,1,1,1,1,1,1
5ae98d0c46749a613db03ae6,A,Q1,true,9191,312336,1,1,1,1,1,1
5ae98d0c46749a613db03ae6,A,Q13,true,12142,312336,1,1,1,1,1,1
5ae98d0c46749a613db03ae6,A,Q4,false,14224,312336,1,1,1,1,1,1
5ae98d0c46749a613db03ae6,A,Q17,false,16248,312336,1,1,1,1,1,1
5ae98d0c46749a613db03ae6,A,Q15,false,14245,312336,1,1,1,1,1,1
5aea64e646749a613db03ae7,B,D1,true,19085,2039390,3,1,1,1,1,4
5aea64e646749a613db03ae7,B,D2,true,32722,2039390,3,1,1,1,1,4
5aea64e646749a613db03ae7,B,Q10,true,23843,2039390,3,1,1,1,1,4
5aea64e646749a613db03ae7,B,Q11,true,19659,2039390,3,1,1,1,1,4
5aea64e646749a613db03ae7,B,Q17,false,29604,2039390,3,1,1,1,1,4
5aea64e646749a613db03ae7,B,Q2,true,45218,2039390,3,1,1,1,1,4
5aea64e646749a613db03ae7,B,Q4,true,16527,2039390,3,1,1,1,1,4
5aea64e646749a613db03ae7,B,Q3,true,15319,2039390,3,1,1,1,1,4
5aea64e646749a613db03ae7,B,Q8,true,13778,2039390,3,1,1,1,1,4
5aea64e646749a613db03ae7,B,Q18,true,22154,2039390,3,1,1,1,1,4
5aea64e646749a613db03ae7,B,Q1,true,17552,2039390,3,1,1,1,1,4
5aea64e646749a613db03ae7,B,Q14,false,19621,2039390,3,1,1,1,1,4
5aea64e646749a613db03ae7,B,Q9,true,12317,2039390,3,1,1,1,1,4
5aea64e646749a613db03ae7,B,Q16,true,23301,2039390,3,1,1,1,1,4
5aea64e646749a613db03ae7,B,Q15,true,14192,2039390,3,1,1,1,1,4
5aea64e646749a613db03ae7,B,Q12,true,16813,2039390,3,1,1,1,1,4
5aea64e646749a613db03ae7,B,Q13,true,15909,2039390,3,1,1,1,1,4
5aea64e646749a613db03ae7,B,Q5,true,23623,2039390,3,1,1,1,1,4
5aea64e646749a613db03ae7,B,Q6,true,11305,2039390,3,1,1,1,1,4
5aea64e646749a613db03ae7,B,Q7,true,15552,2039390,3,1,1,1,1,4
5aeafb0f46749a613db03ae8,A,D1,true,30790,581356,3,2,1,3,3,2
5aeafb0f46749a613db03ae8,A,D2,false,26637,581356,3,2,1,3,3,2
5aeafb0f46749a613db03ae8,A,Q2,true,17201,581356,3,2,1,3,3,2
5aeafb0f46749a613db03ae8,A,Q3,false,42717,581356,3,2,1,3,3,2
5aeafb0f46749a613db03ae8,A,Q9,false,24257,581356,3,2,1,3,3,2
5aeafb0f46749a613db03ae8,A,Q12,false,26410,581356,3,2,1,3,3,2
5aeafb0f46749a613db03ae8,A,Q1,false,15270,581356,3,2,1,3,3,2
5aeafb0f46749a613db03ae8,A,Q11,true,39451,581356,3,2,1,3,3,2
5aeafb0f46749a613db03ae8,A,Q15,true,30890,581356,3,2,1,3,3,2
5aeafb0f46749a613db03ae8,A,Q7,true,11626,581356,3,2,1,3,3,2
5aeafb0f46749a613db03ae8,A,Q8,false,27095,581356,3,2,1,3,3,2
5aeafb0f46749a613db03ae8,A,Q13,false,14520,581356,3,2,1,3,3,2
5aeafb0f46749a613db03ae8,A,Q10,false,14198,581356,3,2,1,3,3,2
5aeafb0f46749a613db03ae8,A,Q4,false,14278,581356,3,2,1,3,3,2
5aeafb0f46749a613db03ae8,A,Q14,true,27165,581356,3,2,1,3,3,2
5aeafb0f46749a613db03ae8,A,Q17,true,12047,581356,3,2,1,3,3,2
5aeafb0f46749a613db03ae8,A,Q5,true,10779,581356,3,2,1,3,3,2
5aeafb0f46749a613db03ae8,A,Q16,true,16533,581356,3,2,1,3,3,2
5aeafb0f46749a613db03ae8,A,Q6,true,8838,581356,3,2,1,3,3,2
5aeafb0f46749a613db03ae8,A,Q18,true,8223,581356,3,2,1,3,3,2
5aeb553346749a613db03ae9,B,D1,true,28133,773283,3,2,1,4,2,3
5aeb553346749a613db03ae9,B,D2,true,75214,773283,3,2,1,4,2,3
5aeb553346749a613db03ae9,B,Q4,true,28048,773283,3,2,1,4,2,3
5aeb553346749a613db03ae9,B,Q14,true,24090,773283,3,2,1,4,2,3
5aeb553346749a613db03ae9,B,Q15,true,26616,773283,3,2,1,4,2,3
5aeb553346749a613db03ae9,B,Q9,false,17849,773283,3,2,1,4,2,3
5aeb553346749a613db03ae9,B,Q10,false,16162,773283,3,2,1,4,2,3
5aeb553346749a613db03ae9,B,Q17,true,20002,773283,3,2,1,4,2,3
5aeb553346749a613db03ae9,B,Q6,true,12593,773283,3,2,1,4,2,3
5aeb553346749a613db03ae9,B,Q5,true,12332,773283,3,2,1,4,2,3
5aeb553346749a613db03ae9,B,Q8,true,11652,773283,3,2,1,4,2,3
5aeb553346749a613db03ae9,B,Q18,true,19334,773283,3,2,1,4,2,3
5aeb553346749a613db03ae9,B,Q16,true,21793,773283,3,2,1,4,2,3
5aeb553346749a613db03ae9,B,Q11,true,13136,773283,3,2,1,4,2,3
5aeb553346749a613db03ae9,B,Q2,true,8575,773283,3,2,1,4,2,3
5aeb553346749a613db03ae9,B,Q12,true,14953,773283,3,2,1,4,2,3
5aeb553346749a613db03ae9,B,Q1,true,16324,773283,3,2,1,4,2,3
5aeb553346749a613db03ae9,B,Q7,true,14403,773283,3,2,1,4,2,3
5aeb553346749a613db03ae9,B,Q3,true,11896,773283,3,2,1,4,2,3
5aeb553346749a613db03ae9,B,Q13,true,12503,773283,3,2,1,4,2,3
5aeb726c46749a613db03aea,A,D1,true,11210,501401,3,2,1,1,3,2
5aeb726c46749a613db03aea,A,D2,true,16670,501401,3,2,1,1,3,2
5aeb726c46749a613db03aea,A,Q4,true,21078,501401,3,2,1,1,3,2
5aeb726c46749a613db03aea,A,Q5,true,16546,501401,3,2,1,1,3,2
5aeb726c46749a613db03aea,A,Q18,false,12777,501401,3,2,1,1,3,2
5aeb726c46749a613db03aea,A,Q12,false,18126,501401,3,2,1,1,3,2
5aeb726c46749a613db03aea,A,Q3,false,14581,501401,3,2,1,1,3,2
5aeb726c46749a613db03aea,A,Q10,false,24429,501401,3,2,1,1,3,2
5aeb726c46749a613db03aea,A,Q1,false,10797,501401,3,2,1,1,3,2
5aeb726c46749a613db03aea,A,Q8,true,17944,501401,3,2,1,1,3,2
5aeb726c46749a613db03aea,A,Q17,false,19449,501401,3,2,1,1,3,2
5aeb726c46749a613db03aea,A,Q14,true,18321,501401,3,2,1,1,3,2
5aeb726c46749a613db03aea,A,Q15,true,20185,501401,3,2,1,1,3,2
5aeb726c46749a613db03aea,A,Q7,true,11269,501401,3,2,1,1,3,2
5aeb726c46749a613db03aea,A,Q13,false,8188,501401,3,2,1,1,3,2
5aeb726c46749a613db03aea,A,Q16,true,17372,501401,3,2,1,1,3,2
5aeb726c46749a613db03aea,A,Q11,false,11052,501401,3,2,1,1,3,2
5aeb726c46749a613db03aea,A,Q6,true,19670,501401,3,2,1,1,3,2
5aeb726c46749a613db03aea,A,Q9,false,14673,501401,3,2,1,1,3,2
5aeb726c46749a613db03aea,A,Q2,true,9844,501401,3,2,1,1,3,2
5af03d7c46749a613db03aeb,B,D1,true,17770,998658,3,4,3,2,4,3
5af03d7c46749a613db03aeb,B,D2,true,31918,998658,3,4,3,2,4,3
5af03d7c46749a613db03aeb,B,Q2,true,19200,998658,3,4,3,2,4,3
5af03d7c46749a613db03aeb,B,Q11,true,25592,998658,3,4,3,2,4,3
5af03d7c46749a613db03aeb,B,Q3,true,57528,998658,3,4,3,2,4,3
5af03d7c46749a613db03aeb,B,Q17,true,56052,998658,3,4,3,2,4,3
5af03d7c46749a613db03aeb,B,Q15,true,23224,998658,3,4,3,2,4,3
5af03d7c46749a613db03aeb,B,Q16,true,11392,998658,3,4,3,2,4,3
5af03d7c46749a613db03aeb,B,Q9,false,43636,998658,3,4,3,2,4,3
5af03d7c46749a613db03aeb,B,Q10,true,17450,998658,3,4,3,2,4,3
5af03d7c46749a613db03aeb,B,Q12,false,99722,998658,3,4,3,2,4,3
5af03d7c46749a613db03aeb,B,Q6,true,29610,998658,3,4,3,2,4,3
5af03d7c46749a613db03aeb,B,Q18,true,20612,998658,3,4,3,2,4,3
5af03d7c46749a613db03aeb,B,Q13,true,19652,998658,3,4,3,2,4,3
5af03d7c46749a613db03aeb,B,Q8,true,34000,998658,3,4,3,2,4,3
5af03d7c46749a613db03aeb,B,Q7,true,12448,998658,3,4,3,2,4,3
5af03d7c46749a613db03aeb,B,Q1,true,15674,998658,3,4,3,2,4,3
5af03d7c46749a613db03aeb,B,Q5,true,36496,998658,3,4,3,2,4,3
5af03d7c46749a613db03aeb,B,Q4,false,14162,998658,3,4,3,2,4,3
5af03d7c46749a613db03aeb,B,Q14,true,13196,998658,3,4,3,2,4,3